"","proj","AUC","Brier","Chi","Pval"
"2","4Dnest",0.819389155696789,0.149594974211239,0.192574675249336,3.89657058508242e-07
"6","accumulo",0.820528141842224,0.128215927649643,0.309138337283841,0
"7","ace",0.772605649894893,0.155640762031801,0.33412356917025,0
"9","activemq-cpp",0.792082483695191,0.15745123639753,0.000440285650517849,0.642955418989989
"10","Activiti",0.827843067144609,0.121430146641586,0.241982794336889,0
"12","adempiere",0.678679583633192,0.13186234432604,0.0849562211787656,1.45126466399859e-10
"14","adobe-flex-pmd",0.819719020944247,0.160029958728031,0.0277439689231577,0.0415730534048621
"17","aio-portal",0.687801052663379,0.0912278882460923,0.0693117824737726,1.84303842688527e-05
"18","ajaxplorer",0.846170446730365,0.0528553290875446,0.182265637310781,3.86002341201674e-12
"19","ajaxplorer-core",0.859772965587389,0.0296344760601151,0.24593376552843,0
"20","AKeyboard",0.915878681474565,0.0998656176255412,0.25404629347593,0
"21","akvo-flow",0.824155568884902,0.121320892045182,0.176914176522437,0
"22","Alitheia-Core",0.679653371280529,0.148549342205316,0.317861340145203,0
"25","ambari",0.738103915096291,0.136430011714591,0.0177002220347065,9.14298048826367e-07
"26","amcat",0.786556577818568,0.174387906649037,0.164495041033365,0
"29","amuse",0.795909231986365,0.15373101613359,0.036511362508639,1.07665365511878e-09
"30","andors-trail",0.835530377656445,0.121613963059484,0.0523495996691427,0.00550745534841979
"31","android",0.761851453055674,0.137742087000394,0.0584720629078667,0.000252806771539049
"32","android-arabic-reader",0.8590961382732,0.0835288202750867,0.200834901101154,0
"35","android_build",NA,NA,NA,NA
"37","android_dalvik",0.899171752080645,0.0848544511378835,0.410464833118047,0
"55","android_packages_apps_Calendar",0.951658596713959,0.0570990419821716,0.357479421507393,0
"59","android_packages_apps_Contacts",0.949073712756544,0.0755056206796249,0.28566439577376,0
"61","android_packages_apps_DeskClock",0.957345682888018,0.046448523844932,0.23523327445473,0
"62","android_packages_apps_Dialer",0.904102634308962,0.0979255468178485,0.246360021970554,3.02534775009633e-10
"72","android_packages_apps_Phone",0.937824321966271,0.0549453465244539,0.320051984249975,0
"74","android_packages_apps_Settings",0.937669480722322,0.0632569575875469,0.292617424085332,0
"76","android_packages_apps_Trebuchet",0.933338563147057,0.0797786492971482,0.272602072494685,0
"83","android_system_core",NA,NA,NA,NA
"84","AndroidTD",0.79093096997728,0.174599479814934,0.0638346809113531,0.00236839831604341
"87","anjuta",0.909704603511379,0.0922538425920714,0.118741616886312,0
"89","anki",0.818992868261483,0.139376606134073,0.243969969909065,0
"90","ANNIS",0.747680357290384,0.151197850615876,0.304896057714548,0
"91","AntiCheat",0.833331962801199,0.166612763274788,0.133681300057326,2.49585262468432e-06
"94","apache-hosted-cassandra",0.794327452854422,0.127356660168499,0.0855662228517734,0
"95","apache-tomcat-8",0.745320152285111,0.157006005431865,0.160509625708412,0
"96","apc_b2g_build",NA,NA,NA,NA
"98","appfuse",NA,NA,NA,NA
"99","App-Inventor-Gallery",0.768662411104813,0.153327274413241,0.259626208813797,5.21396366859328e-07
"100","application",0.802498899266477,0.111512567914477,0.24162307486043,0
"102","archiva",0.792821614464101,0.142595712862431,0.133844650873567,0
"105","ardupilot-mega",0.847267488168441,0.0801269135584875,0.077828794285932,8.88178419700125e-16
"109","ares-project",0.846563441618485,0.0333486021297756,0.422046112093185,0
"110","aries",0.787677506724601,0.0888360887157893,0.150840662412556,8.10462807976364e-14
"112","arquillian-graphene",0.854910641890681,0.122581400988781,0.384335860677433,3.5527136788005e-15
"113","astridclone",0.766030635604164,0.174476900931609,0.336587850875854,0
"116","atlas",0.795481140305736,0.109103643512067,0.0670859848705346,3.54333229424242e-11
"117","atmosphere",0.741824803740481,0.190456282383753,0.319133448429159,0
"119","aura",0.93619226280956,0.0802310289973168,0.253608574921721,0
"120","Auto-B-Day",0.789307407271408,0.149242794546917,0.223387907198274,2.26850930440392e-06
"121","autopsy",0.847005296735857,0.124203945557469,0.392162717743204,0
"122","autotest",0.734238919439739,0.165247087005791,0.0664586616159997,0
"123","avian",0.825951732443527,0.151274877591069,0.199427587735882,0
"130","babble",0.790376092134076,0.120134888867297,0.155439982304815,0
"131","bagit-java",0.94805308908111,0.0360055485885015,0.084384933945109,3.09677938847841e-09
"133","bandwidth-on-demand",0.803113303570697,0.145329475453654,0.147239052982103,0
"134","barry",0.86868723375482,0.0589286360891547,0.364798579183553,0
"135","basex-all",0.815319872011695,0.174643051039329,0.140040547342462,0
"136","BatooJPA",0.819940131625414,0.170877868008159,0.10891751413224,1.13535987922297e-05
"137","beagle",0.779135170241101,0.158231295299499,0.253194207723701,0
"140","bigbluebutton",0.79454813194757,0.0774643113871583,0.0515634568312353,1.43274281327876e-12
"141","big-data-plugin",0.866308719540251,0.10550917744987,0.424314181093815,0
"144","biojava",0.747075614271481,0.173885697795476,0.117552573425087,0
"146","biosources-test-subtree",0.709147977016535,0.184366286707185,0.0686555767896878,3.33026163135131e-06
"147","bison",0.751586144388404,0.0982889288173901,0.207601822176675,0
"149","bitrig-xenocara",0.791063985265463,0.0914313226395669,0.0943579650876478,9.90785231635982e-12
"151","blacktie",0.766223568874714,0.109167311479123,0.107121425922525,7.34478933228644e-09
"152","bloatit",0.864763873813174,0.139677171021571,0.154139508689502,0
"153","blojsom-sourceforge",0.909797446814909,0.0357897765007071,0.143143278215232,3.89897465424838e-07
"154","blueprints-seas",0.771993464779287,0.174714383213514,0.218015633557753,9.19367808993599e-07
"157","boost",0.707780045943107,0.0512907533562727,0.0337499559358611,0.0225111145511447
"163","bsc-project",0.790217694135596,0.170717989467021,0.0628678276760203,0
"166","bw-classic",0.742697057382922,0.11071305353047,0.101120623619379,8.86716680081889e-08
"167","caadapter",0.74144548661003,0.072545616449977,0.042482741784636,0.00655336843194509
"169","cacique",0.798057548232953,0.0574426922039351,0.251064931447842,5.10047559743043e-12
"170","cadmium",0.829221779532138,0.132895759218453,0.109167501609457,0.000132296158218748
"171","cadpage",0.715322316573349,0.211984512461758,0.0402863076958621,1.52968842925816e-07
"174","caleydo",0.97648602651785,0.024413992617828,0.170967305911342,0
"176","camlistore",0.779296240568285,0.0901443286413159,0.200522007944122,0
"177","camod",0.829095694669637,0.082393745973666,0.0179568163230569,0.000671962354919731
"178","camunda-bpm-platform",0.806025979469631,0.139372265741065,0.207343223074283,0
"179","candlepin",0.824633789730664,0.144628186989383,0.29752304656292,0
"180","capdemat",0.799133210727252,0.121270368893334,0.110945108306548,1.32471811298274e-12
"182","carat",0.765553254014965,0.188909028636043,0.269783888256737,4.39226433002204e-12
"183","carrot2",0.790522293190049,0.0767651464583586,0.0431885070428154,2.40017897518152e-05
"184","cartoweb3",0.763700764243122,0.0931734900603171,0.0825803513384677,3.32339369912837e-07
"185","caTissue",0.766015788228099,0.0721840541212393,0.258567249790923,0
"186","catissue-core",0.736181952734814,0.076788735875703,0.0856747264449743,3.01660918466951e-10
"187","catissue-dynamic-extensions",0.742152725424933,0.156380678076955,0.0146194510229983,0.0202374703252628
"190","cda",0.820015869836227,0.146975297026873,0.295100978617785,4.56301663120939e-13
"191","cdt-core",0.806609123488115,0.163090211903628,0.0310583939265719,1.75960542470044e-07
"192","cedet",0.809808483038751,0.0984563462452228,0.14270146802221,0
"193","cegis",0.801689982470644,0.147641395872365,0.114875344183637,0.000119362760930386
"195","cesium2",0.812501997000174,0.146041732696529,0.28767553934516,0
"196","ceylon",0.752948744492469,0.132952257506331,0.069267809120242,9.54725187796157e-12
"197","cgeo",0.812286448310795,0.153776091265529,0.226698628446633,0
"198","ChatHammer-9000",0.771867440528554,0.194344723437781,0.137814133651293,2.96085949631486e-05
"199","check_mk",0.786454643496584,0.0929112234412309,0.238646013730563,0
"201","chico",0.812899359473964,0.0760701625583427,0.104659683389601,5.81492076712209e-10
"202","chipster",0.8156892032261,0.088928394557218,0.222793946674276,0
"203","chisimba",0.666050239954157,0.189041329449393,0.195425802820365,0
"204","chukwa",0.805357909763234,0.158119736936888,0.142366478809701,2.24501974542823e-05
"205","Chunky",0.733422766278957,0.175673207908397,0.248420099519463,5.22548731196615e-06
"207","cinder_base",0.860387478141877,0.0787331085518224,0.549324908623398,0
"209","Citizens",0.809838545580284,0.160483105665652,0.120603479079656,3.07759883865222e-05
"210","ClassyGames",0.787843375108902,0.178304328327713,0.126365482683671,6.35412081744224e-05
"211","clever",0.789394061903474,0.154017431922499,0.167675081794317,0
"212","clocc",0.765109378709862,0.116111310369219,0.0891555018429927,5.34547787145456e-08
"214","Cloudify-iTests",0.686027897061713,0.182772989610307,0.229008672083604,0
"215","cloudify-widget",0.785346723955317,0.153007200143561,0.10090027051812,1.08961487612635e-05
"216","cloud-odata-java",0.775068618491281,0.151274753237661,0.291639147100918,0
"217","cloudreader",0.811576235074994,0.169815246438124,0.234917808592487,0
"220","cmu-sphinx4",0.760616768393137,0.164600427771905,0.114232234448791,1.27675647831893e-14
"221","coastal-hazards",0.832260880666198,0.0984523148946123,0.493932729973034,0
"222","cobbler",0.780311679229338,0.126029867023689,0.208391360092279,0
"225","cocos2dx-js-callbacks",0.809416355481685,0.161851705344941,0.340689230415019,0
"226","coge",0.708835353870096,0.137644603371217,0.178517177061478,0
"227","collectd",NA,NA,NA,NA
"230","Colloquy",0.774013959481197,0.157187992657161,0.152947716550286,0
"232","com",0.713778734654812,0.159131522250914,0.177994734017365,0
"233","commonsense-frontend",0.840838906763694,0.1632995964885,0.157496081649045,1.62179667806406e-07
"234","commons-lang",0.808699274123892,0.168459275450664,0.0836553670441786,0
"235","commons-math-optimizers",0.790690094265785,0.14694936805697,0.0402184789033704,1.93856631081069e-07
"236","commons-vfs",0.686708995389276,0.156599227205934,0.14725974810428,0.00462844933755258
"237","console",0.797931353283423,0.152722897198569,0.167185173871815,0
"244","Contiki-IDS",0.693189643586832,0.172617750888125,0.146264354061844,0
"249","continuum",0.778085731027062,0.104948691462744,0.0457168666789749,5.38872029887116e-07
"251","core",0.808773954787965,0.135401449476293,0.236788643394541,0
"252","core-geonetwork",0.781677938294799,0.137885171750084,0.207652294834248,0
"255","corsix-th",0.815216805728386,0.167920278895031,0.0224288029450041,0.000102297471910706
"256","cosmo",0.755085683995238,0.193663898173475,0.108852131661774,5.55111512312578e-16
"259","coweb",0.828832423091196,0.132489484080151,0.346450044218954,2.1266821637056e-10
"260","cpu-bitminer",0.770712524885744,0.11838968806154,0.291903687407318,0
"261","crtmpserver",0.818865212117254,0.163571072283672,0.23631545244114,8.16612000242856e-10
"262","crtmpserver-os_x",0.841151966520616,0.152603740338071,0.360769846316309,5.6621374255883e-15
"263","crtools",0.716544822330692,0.0272963349074692,0.0582723031556395,0.0071425943194342
"264","cruisecontrol",0.774011163363454,0.137795606420011,0.0244885546944367,0.000540618428212514
"266","crux-framework",0.791680899067006,0.0816759764214529,0.0284457749579924,0.00142494036901519
"267","CS143-Project",0.79061048820767,0.164283467206779,0.149694210300269,1.58672536924032e-05
"269","csft5",0.737054942132067,0.207752140441376,0.071230169947187,1.272566352295e-08
"270","csipsimple",0.783460701454564,0.18499329296,0.00540816454583311,0.0913208665457651
"271","csolve",0.777777839316132,0.136910324466915,0.211967360486749,0
"275","ctags",0.791888279665235,0.0837642383192283,0.178336061057208,0
"277","CVC4",0.823952128424903,0.168674023898055,0.122162624704439,0
"278","cyberdojo",0.732571458160441,0.0940673677600291,0.140543683253654,5.55111512312578e-16
"279","cyklotron",NA,NA,NA,NA
"280","cytoscape2",0.768486998620155,0.157152882777818,0.0768349980475117,2.97539770599542e-14
"281","cytoscape-impl",0.782880511286411,0.183863799718438,0.175171703416285,0
"285","dANN",0.757254014028375,0.192281782542431,0.143335588015226,4.24381262384976e-05
"287","dasher",0.884117271628423,0.111928918285377,0.281201854065323,0
"288","databus",0.828545500156875,0.130029547522812,0.335740188650046,1.60990332176425e-10
"289","datahappi",0.734857114020377,0.194992485147811,0.064774467692474,0.0150458168538466
"291","dbflute",NA,NA,NA,NA
"292","DBS",0.761886567803672,0.153122817093978,0.0700795778571998,1.04659614308389e-11
"293","dcache",0.752989282740644,0.139933252789588,0.145442636528251,0
"294","ddb-next",NA,NA,NA,NA
"295","ddd",0.817090280047671,0.149203078928524,0.00812225326883406,0.0058952773859986
"298","deegree3",0.739487910934307,0.155354454640854,0.414766351722705,0
"300","delving",0.792820434544231,0.0971469625099326,0.0119020551243195,0.0439657626269874
"301","Demigods",0.763337051893123,0.17604266859116,0.0963640225377137,3.43880479647396e-12
"302","Denizen",0.779478280225218,0.183818897108144,0.144362170022245,0
"303","derby",0.732256172292849,0.143732661877744,0.293779173916642,0
"304","development",0.893050608304746,0.0356841471255229,0.594906734847305,0
"308","dimple",0.827765049182475,0.147826732623102,0.19283328225635,0
"309","directory-shared",0.727824209479994,0.200049881467443,0.400761973568268,0
"310","directory-studio",0.805323153641796,0.113382221938725,0.060826800264534,3.70967367935293e-10
"313","DMDirc",0.865173740169032,0.147654618809204,0.18284850448246,0
"315","dnd",0.753167587677308,0.182316373280071,0.115896232006053,0.000224655906271187
"316","Docear",0.779864029142066,0.143607593000241,0.14307362926462,0
"317","dojox",0.803398856137074,0.177679073036285,0.593580567877031,0
"318","dojox-oldmirror",0.812436455065528,0.174631416159171,0.597249573868785,0
"319","domjudge",0.745233533252444,0.132482662030045,0.0905575824622671,1.39129818776951e-11
"320","dotCMS",0.811762198899856,0.108000162318335,0.0844619656650014,0
"322","dresdenocl",0.876714523597415,0.0474696098144531,0.0742209930122735,0.000974800583562474
"327","drools",0.76178693599373,0.153784760359076,0.0322780183264244,1.8935612600135e-06
"328","druid",0.862781587855599,0.117109163340429,0.529738508659162,0
"329","DSpace",0.826521666623983,0.100927608347236,0.558979814215906,0
"330","DSpace-SVN-Deprecated",0.879658767945855,0.0966241449570647,0.721003472720977,0
"333","eclipse",NA,NA,NA,NA
"339","ecologylabFundamental",0.701523814943908,0.201659121350577,0.0872297623706573,9.35882807917565e-08
"344","elasticsearch",0.802965632335599,0.157474223467489,0.199032638606915,0
"345","Electric-Expansion",0.8174162519056,0.170161511232821,0.17539787089336,2.77890730426833e-08
"351","EMS",0.876894617895582,0.122996492882138,0.0945712392819707,0.000462889095387276
"352","emul",0.819096855188389,0.148383788100024,0.327019247433113,0
"353","encog-java-core",0.741047383241911,0.166689324096288,0.0387683874855801,0.000128920415746969
"354","encuestame",0.840513776911717,0.152772005958802,0.450269440433545,0
"355","EnderIO",0.843682748635933,0.138865200555155,0.185931495808377,0
"356","enkive",0.800059155225876,0.164665747852143,0.196699652969574,2.32510163344912e-07
"358","errai",0.822052614140039,0.164765576604973,0.281901403463394,0
"359","escidoc-core",0.742132243181724,0.146468058495714,0.0259034119845732,0.00215365933073963
"360","Essentials",0.759459355397119,0.1500564760348,0.317925661445135,0
"362","Etoile",0.745297925677182,0.168896899981222,0.259306258101808,0
"363","etoile",0.786011538448137,0.146662178778335,0.467408651282886,0
"366","evolution-data-server",0.774425672001895,0.154338728762719,0.209458519483204,0
"367","experiment",0.883981412426683,0.116476983274251,0.135171057813453,0
"368","exponent-cms",0.740204555018072,0.163584852925786,0.15080421928304,0
"371","faaa_project",0.847707847159048,0.144629335322477,0.276975358282172,8.54616377665707e-12
"373","fbc",0.792946794978408,0.159575440503729,0.127818095086501,0
"376","fcrepo",0.793352227101072,0.16406020815711,0.119020321035447,2.56077059748172e-05
"377","fcrepo-before33",0.774290981422385,0.143086994523462,0.665859200144354,0
"378","fcrepo-historical",0.779087228112981,0.138555137643592,0.684374008981487,0
"379","featurehouse",0.699909448253673,0.172149792812214,0.184381919267198,0.000332392136600967
"380","felix",0.756022279391546,0.10988997339626,0.197512372174801,0
"382","FermaNext",0.800222691416673,0.183781640958719,0.0302031352580803,0.0410643936439812
"383","fitnesse",0.804748366295959,0.121876091362427,0.169927748206118,0
"384","fixmystreet",0.745551321612926,0.103860805373823,0.140509440794287,0
"385","flamingo",0.684796501608707,0.184282988550974,0.431959165610774,0
"390","fop",0.7636274791747,0.177104117535974,0.347695610648305,0
"391","fossology",0.686559363485366,0.179461704949386,0.21666430908842,0
"393","FProj_Gruppe48",0.781961004729386,0.162541903349053,0.0510880569053396,0.0147420053783263
"394","framework",0.829426890680914,0.129690191325562,0.167567159268702,0
"395","FrameworkBenchmarks",0.749768328290239,0.138079456444112,0.379703809281779,0
"396","frameworks_av",0.900047995193912,0.0827108254627786,0.23761590875646,0
"399","freeplane",0.820351008615145,0.0798816177301553,0.414843453279656,0
"400","FreeRDP",0.793188975463818,0.142076778153934,0.22836334182165,0
"402","fritzing",0.771820578366808,0.14701471118932,0.0800081888998258,6.62359056491368e-13
"403","Frost",0.749522578079916,0.203031600262054,0.0980952340966651,3.91987553527429e-11
"404","frostwire-desktop",0.806150172409148,0.149376693513311,0.330795860858641,0
"406","functional-tests",0.778727171533516,0.173783296162831,0.0946908076523654,0.000134687470089156
"407","fuse",0.788689716816184,0.124485546635432,0.411995833799605,0
"408","g3m",0.804147872592043,0.0882527382199534,0.105910219818214,0
"409","galleria",0.776055598643451,0.170970839898601,0.0738107242643271,0.00412251328111313
"411","gatein-portal",0.745018105331608,0.0585935045859399,0.189292264783057,5.645262035614e-11
"416","Gdcm",NA,NA,NA,NA
"417","geany",0.795345277417134,0.15440359999319,0.182484965689336,0
"419","genomix",0.7594036731789,0.17856278104492,0.193913494538662,0
"420","geogebra",0.758281930954898,0.166016577515881,0.0743979286195991,0
"421","geoknow",0.770400373742868,0.175151853792753,0.0565985218666418,3.41861382313624e-07
"424","geo-platform",0.794930231449313,0.185017860588772,0.134918445816422,8.28423244592091e-06
"426","geoserver-old",0.737140998964709,0.097108254673591,0.0921413833774492,1.46815598698335e-05
"427","geotools",0.773079284719636,0.106641654341823,0.184694351195092,0
"428","gephi",0.759783364407913,0.191505770629766,0.378828431897812,0
"432","gerrit",0.875968314918173,0.120533130424045,0.0779110463994144,0
"433","gettext",0.718135407584899,0.0478943235978402,0.203536291001578,0
"435","geworkbench-core",NA,NA,NA,NA
"436","gforth",0.771577946461169,0.0841380727017152,0.0613564170092843,3.85751497489206e-06
"439","giraph",0.870336603753533,0.103977544796603,0.137969534370056,7.44853514422772e-08
"440","gitblit",0.854978278493923,0.12474313147705,0.0417481926645623,0.00850286456706573
"443","glusterfs",0.781545475912625,0.0769197239670208,0.0109482920426548,0.00635947892783095
"445","gnorasi",0.790789180336714,0.164969205359313,0.265226427441113,2.95860920207502e-08
"446","google-closure-compiler",0.858796754511048,0.135780782884938,0.567433751641403,0
"448","gradecraft-development",0.799924808021437,0.127119413834428,0.162869925740055,0
"449","grails",0.842585814191012,0.112356668943642,0.379262928345174,0
"450","grailsnolib",0.812609221405374,0.135879578176831,0.356206380082329,0
"452","graphx",NA,NA,NA,NA
"453","GridSphere",0.849352418417315,0.109880402306017,0.0328845901433631,1.9988897537182e-07
"454","gridworks",0.777370389085698,0.167406123048936,0.0743059566924782,0.0030956089516152
"455","grizzly-mirror",0.782247798196925,0.180560106614619,0.0873210720618074,5.35194111250803e-12
"456","groovy",0.787384740511382,0.136339482045831,0.0839663778129283,0
"459","gSDL",0.841653902739999,0.144352397587684,0.612468871061623,0
"460","guicey",0.838561993133637,0.161791956012677,0.176555038782844,2.3520333281013e-07
"461","gwt",0.780960495364834,0.184956372556824,0.143462791456741,0
"464","gwtquery",0.784523164931693,0.177079573248441,0.153209276376849,3.18862450876534e-05
"466","h2-bitmap",0.791655259779506,0.0743918644663238,0.217949938590776,0
"469","H2-Mirror",NA,NA,NA,NA
"471","hadoop",0.842780050266343,0.119274518755847,0.511310492054593,0
"472","hadoop-1",0.839428899937648,0.130539273509557,0.183469116216593,0
"473","hadoop-fork",0.902999425647144,0.105579267046843,0.762393816792411,0
"476","haxe",0.807065200703568,0.135387329448349,0.0687084350846289,2.55351295663786e-15
"478","hbase_namespace",0.794992676834532,0.150681346954454,0.0863047256403171,0
"480","hbird",0.811236154667651,0.13974035631526,0.150919244599368,8.70708213118743e-06
"481","hermes",0.862904502491637,0.130511629179523,0.330939927013288,1.24344978758018e-12
"484","hibernate-orm",0.771581841637959,0.179890098452693,0.132110035272942,0
"485","highcharts",0.790632254881159,0.158204889217739,0.135161080688272,0
"487","hive",0.773379942307665,0.0850371173060931,0.0770783611992927,1.23345778035855e-13
"488","hk2",0.87992845223401,0.105073961562114,0.414394717788093,0
"489","HoloEverywhere",0.842360070294955,0.147867048470843,0.292454587238972,1.99573690906618e-12
"490","hornetq-old",0.810612261880532,0.168286548186287,0.150323146671712,0
"493","hostap-ct",0.790538687748198,0.0558109921776596,0.117995877233133,0
"495","h-store",0.812281352477802,0.176404947766988,0.122592185619638,0
"496","htmlparser",0.715258037282468,0.211657131200771,0.058102551595467,0.0109060155148494
"499","hue",0.737069972559456,0.110058626505226,0.0868071850010473,3.35120819983104e-12
"500","HUSACCT",0.819397774133321,0.16510905970879,0.298982583938181,0
"501","hxcpp",0.794712427722998,0.125930762559371,0.106723293850837,4.04366305237769e-05
"502","i2p",0.843664568301898,0.116186975910094,0.135742180421601,0
"503","iaf",0.715845613038529,0.133837643963153,0.0737162970473828,1.9311850131265e-06
"505","ibis-ipl",0.806606887835493,0.151054862677778,0.274946685043065,0
"506","icefaces",0.793299278251134,0.0788420584406033,0.15978169635447,3.13504777693652e-12
"507","icemobile",0.766318115966568,0.0817465774691442,0.0684879281681578,1.01355127332114e-05
"510","igraph",0.859379371197813,0.0955594390018884,0.0591957848797357,1.86517468137026e-14
"511","IGV",0.757023377372219,0.175614977607816,0.0978674016389101,4.44089209850063e-16
"512","ikvm",0.756120827796312,0.138996790546005,0.438788193299497,0
"513","ikvm-fork",0.741564386283018,0.149253866254342,0.365084689564444,0
"515","infinispan",0.764902453337085,0.174935270085714,0.100609723728547,0
"516","infoglue2",0.73618834583623,0.173717184351069,0.196826590152261,0
"519","intellij-plugins",0.779096403914367,0.137301110289261,0.0586481261441839,0
"520","iostest",0.803966053997775,0.175742234674038,0.475018698597393,0
"521","ironmine",0.794412534641394,0.0736710925185624,0.0345253224391484,1.57223525518724e-05
"522","iSENSE-Hardware",0.83304807888321,0.130919049141823,0.534114657939787,0
"523","iSoul",0.765762652595629,0.170576233793289,0.556194197082961,0
"524","itext",0.807654352097014,0.100456160534142,0.0134550258041353,0.0218352766682529
"525","itinerennes-android",0.854985787118592,0.131612759517982,0.0421510964288067,0.0120471981829831
"526","ITKApps",0.757666950813676,0.145501826900815,0.0724969828682042,6.12105769404181e-08
"527","Ivory",0.854212643601334,0.143434356120278,0.228884787172878,9.84642256618429e-09
"528","ivory",0.848702502834111,0.149586779129675,0.257274677030798,6.40620889669208e-12
"529","izpack",0.771427541565606,0.137825551870638,0.320754218057615,0
"530","izpack-full-svn-history-copy",0.783133983280057,0.102601358273356,0.403799987881068,0
"531","jabref",0.82774777087222,0.133348117511943,0.398309601477112,0
"532","jackrabbit-oak",0.745628555816806,0.0912713309815557,0.0553684260190384,2.43320474879738e-10
"533","JacORB",0.790806180724737,0.162183176285409,0.397516137554008,0
"534","jacorb",0.770317652808338,0.17648772015803,0.325438566361293,0
"535","jain-slee",0.853675119343073,0.0976230895810563,0.407764656914674,0
"537","jas",0.764749753105866,0.17300642054492,0.0886142330489827,1.64979141459298e-13
"538","jato",0.871256430409189,0.0421300842944499,0.110106731339714,8.08585087774816e-10
"541","java-gnome",0.799284697797834,0.146083571510294,0.142858296580792,0
"542","javapackages",0.716904546105929,0.11736605503625,0.283367456523116,2.26744978348847e-09
"543","jaxb",0.742322718421745,0.15735414696655,0.215582907791985,0
"544","jaxws",0.850843908486724,0.105002150432508,0.145669849956911,0
"546","jboss-messaging",0.820173918371823,0.163132992014882,0.0774710213834838,2.359112905026e-12
"550","jboss-vfs",0.793315762659912,0.163750497270644,0.0948952615793888,0.000548778734642541
"551","jbpm-designer",0.725162619459204,0.183835521354132,0.193544877078613,0
"552","jCAE",0.703297921711634,0.128918088348086,0.121032230979766,1.70322080883523e-08
"553","jclouds",0.82281075135151,0.127610694904233,0.081638273775038,1.82468484766218e-11
"557","jEdit",0.846859552208146,0.143706537506229,0.0552791724118463,0
"558","jena-core",0.798618773001834,0.175844124475273,0.0995983212100332,0
"560","jersey-1",0.800046374257384,0.139149596669019,0.276927143597448,0
"564","jetty-project",0.770729057015403,0.141566071100207,0.159758917678861,0
"565","jetty-spdy",0.803293750174999,0.14593489377134,0.27611647514432,0
"569","jgralab",0.738684899499074,0.19276672974532,0.172877374031356,0
"570","jgralab-dhht",0.731697883063961,0.209166162842812,0.0708203950688484,0.0012559286190259
"571","jgrapht",0.772000958032466,0.145656499760821,0.0712512579222504,0.00453902992900268
"572","jmxtrans",0.859619334986196,0.132339769003359,0.585792905408746,0
"574","jogl",0.857662668705951,0.155496214424581,0.0173568703605636,6.60995849721679e-07
"575","jOOQ",0.770811920197637,0.136871335915232,0.0829364800704288,3.6392000524188e-12
"576","jop",0.770765667498382,0.0815561336180345,0.252113825620275,0
"577","joshua",0.776719844036525,0.178392579205682,0.219616472389774,0
"578","jpcsp",0.824275837483214,0.170346763455542,0.032394917060797,1.35401292689075e-06
"579","jscep",0.837379560471122,0.135737573493816,0.251413575172166,3.61383067915e-09
"582","jspwiki",0.718684462066746,0.169120641081279,0.359724648964336,0
"584","jython",0.764218637568518,0.176795022281643,0.474715824228014,0
"585","jython-legacy",0.759237487965645,0.168487197602448,0.616090795401778,0
"586","k-9",0.798293760181755,0.132606412160686,0.279168729661547,0
"588","kaffe",0.760427586741206,0.166418745678476,0.213159224102848,0
"589","katta",0.828096430778577,0.146184705763254,0.0883624994461437,0.000374972808454443
"590","kde-owncloud",0.75248556316012,0.151357718497517,0.408961287969448,0
"591","killbill",0.867705363892309,0.129251655219318,0.396073163082675,0
"592","Kramerius",0.75982881982167,0.0903552620012598,0.102013812776635,6.48618936338607e-10
"594","L2jFrozenInterlude",0.838532748578469,0.163586809320473,0.404865420780756,1.11022302462516e-16
"596","larceny-oldimport",0.803088327867117,0.0679663609858377,0.0961037170579267,1.14205311874116e-11
"601","leiningen",0.755662907848987,0.16629453453677,0.321536101092787,0
"602","Lemo-Data-Management-Server",0.812697433554036,0.161325935917581,0.0233316757957508,0.0536933199306867
"603","lenskit",0.815224886280621,0.113032705212585,0.212864755409253,0
"604","lexevs",NA,NA,NA,NA
"606","Liberty",0.803553718213245,0.164887218579232,0.140154516409673,0
"607","libguestfs",0.790886240905581,0.0689788158451892,0.214568760190509,0
"608","libidn",0.798229819931661,0.0790786496952974,0.10872173879771,2.54116320319575e-07
"609","libming",0.71874647079822,0.138605416867065,0.274296761959268,2.22044604925031e-16
"610","libsdl",0.802389392841176,0.164221008119827,0.62090295917356,0
"614","lila",NA,NA,NA,NA
"616","linphone_linux_XIA",0.789691193286831,0.151468739975754,0.237699076449828,0
"618","lintian",NA,NA,NA,NA
"621","LNReader-Android",0.813732103676488,0.174845028740789,0.104140244298743,3.22367889749042e-06
"622","log4j",0.757579663565161,0.199095788203204,0.110375917123829,1.84630088995164e-13
"623","lor-jamwiki",0.83822461763628,0.0626065991639963,0.000112041254200222,0.849940531394714
"624","lpzrobots",0.752961470047203,0.121037775691972,0.0771399593267749,1.6201931496429e-07
"625","lsml",0.865002171392199,0.142918659668353,0.189407757289304,1.20900212063901e-09
"626","ltfat",0.828383819753238,0.167098038220842,0.19280222798227,5.83755266347907e-13
"627","LT-Jbilling-MsgQ-3",0.81837226685618,0.124780096533045,0.0817324043043658,5.88675774793046e-11
"628","luaj",0.828761538477665,0.156603391734408,0.0865400546470658,1.47306296494065e-07
"629","lucene_solr",0.735702563815702,0.0729711483157229,0.00553689157115568,0.117505928221902
"631","luci",0.913027454248971,0.0221274571032421,0.287692482399944,0
"634","lwjgl",0.748932563640844,0.183025971009657,0.181588723880235,0
"636","mahout",0.916688758197661,0.0981188983223649,0.726585928943265,0
"637","mahout-commits",0.898334532705327,0.117198640637653,0.628054492682138,0
"639","Malhar",0.784804616642691,0.142132196797055,0.400369889479867,0
"640","maptool",0.808393942452952,0.1747052276674,0.0598084112998924,3.00006597342417e-09
"642","marc-solr-profiling",0.851132303565141,0.0945810414945417,0.0360167848158373,4.08953551633839e-06
"643","Markus",0.787110173465495,0.135865610151934,0.172249470134257,0
"644","Marlin_ExtruderAutoFan",0.808973633006227,0.135031123005218,0.17534622092885,1.50902994022761e-06
"645","marytts",0.833575847918066,0.16450427591358,0.248276082692828,0
"648","maven-release",0.853821397072766,0.12799398486029,0.00751372533426101,0.278930619482561
"650","mcidasv",0.714537523740524,0.161507149687794,0.365263957864646,0
"652","mDNSResponder",0.725660353432872,0.153215602645007,0.0663416220534967,1.06926010268182e-08
"653","MDSplus",0.674581788621336,0.155477031893649,0.297916063222524,0
"654","mediacloud",0.725356995153749,0.122861649408768,0.378867880567259,0
"657","melati",0.767411531543111,0.0755471359307385,0.0637776111668424,1.84861409513459e-08
"659","mesos",0.760823408790093,0.160580845669865,0.187075430692545,0
"660","metadata",0.777717345558758,0.113332229193655,0.0794124803547253,2.9157721792572e-09
"661","META-SHARE",0.759258983601516,0.103568286151806,0.371135318818012,0
"663","mifos-head",0.804510949106725,0.159786557740135,0.178479555317568,0
"664","MikuMikuStudio",0.714293376833939,0.207336048027939,0.0221221609575044,0.000200288998168374
"666","MineChem",0.743329116128038,0.186190998789296,0.365296503137609,4.94021601404881e-10
"667","Minecraft-CommandsEX",0.788680254886753,0.150614466208758,0.127091666361248,0.000135034143988522
"668","mingw-w64",0.652583153481898,0.0822284495336479,0.0660139751821916,0.00252496698384852
"671","mktc-platform",0.780214683385786,0.126845320377603,0.0233032507005837,0.00212840112497115
"672","mlt",0.74953285078127,0.160639201986773,0.338580156818844,0
"674","moai-dev",0.833282496901179,0.140951505293076,0.187381284627852,0
"676","mobicents",0.810954233384369,0.138426703702891,0.410750299022691,0
"679","modx",NA,NA,NA,NA
"680","molgenis_apps-legacy",0.783387013794834,0.122411346601676,0.099893580192302,0
"681","mona",0.80876751243357,0.0926554269891939,0.0595308932206442,1.02252650791002e-10
"682","monodroid-samples",0.810883557302765,0.111362633383067,0.0273779225108965,0.0209548630763521
"684","morphia",0.821686955695249,0.155765154560584,0.0528076312526426,0.00605124764849518
"685","MosesLabelFeats",0.751193597035257,0.145135974751325,0.0494516576711078,3.2328865363751e-05
"687","motech-server-pillreminder-0",0.798571621499478,0.18030367818579,0.339700820053,0
"688","mozilla",0.727020464603221,0.0688411434106871,0.0316162361765665,0.00773822948466174
"690","mpicbg",0.773310553994846,0.192413783330947,0.0627609917273354,0.00262770851792582
"691","mucommander",0.789136653486597,0.152927331218527,0.0739008007792397,6.34484798034407e-10
"693","munin",0.745034531582362,0.0736510023397184,0.423879456046819,0
"694","mupdf",0.741567417698508,0.186994811094044,0.154366566517894,0
"695","mupen64plus-ae",0.840416491209603,0.09716854926727,0.202418115041216,0
"696","mwlib",0.73714239994573,0.172009589920163,0.236476288260838,0
"700","myfaces",0.748687625169118,0.149649711438834,0.214367109132801,0
"702","myMed",0.776047806221212,0.181233799523734,0.248295042281204,0
"703","my_OpenPilot_mods",0.79127670108682,0.122235726791308,0.576312105969937,0
"704","my-openssh",0.742033246987884,0.164380503803229,0.0183060880570666,0.00321335027207847
"706","Nantes-1900-Maven",0.788676359172975,0.183412206169899,0.178816639890882,1.99877605688847e-07
"707","nar-maven-plugin",0.847426208707372,0.113177614009682,0.141975666004062,1.0247828959864e-06
"708","narya",0.75125109212436,0.145253333188179,0.0883311157001694,1.11022302462516e-16
"709","nativelibs4java",0.86892982069658,0.0571348419782696,0.122514429031479,7.93676235844032e-12
"710","navit-webos",0.675137894813428,0.220015132034943,0.00927054307395572,0.061046478778334
"711","nci-term-browser",0.785844263413051,0.064845822457247,0.0266505666767666,0.00177150461007147
"712","NEFS",0.739524529180617,0.108679482969321,0.155724397574502,1.38444811170757e-11
"714","neo4j-enterprise",0.854622417031722,0.114666411809187,0.160003658316441,0
"715","nessDB",0.82649340492863,0.143223930476849,0.144980456509492,3.97095901205624e-06
"717","netboot",0.717953463393654,0.148947713951285,0.146297938552819,8.97356300377794e-10
"718","netcdf-mirror",0.74407782606669,0.174112400371825,0.0893369944920077,0.00200757210417224
"721","NewsBlur",0.816356793011222,0.158331310612132,0.21833800104752,0
"722","nexus-core",0.771780855274524,0.140867644634046,0.0695485424296845,1.39221967287995e-13
"724","ngrinder",0.814812556583088,0.158682530771195,0.151981569824554,0
"726","nixos",0.760394066474878,0.0399880749303455,0.0610679497293975,0.000222143036228473
"727","nmap",0.795230418938752,0.0692824649237963,0.0398577340001896,1.25866574085531e-06
"728","NME",0.745604242939403,0.138616011728935,0.218804257208349,0
"729","nokogiri",0.823468009480858,0.136086565693497,0.202330192111876,0
"732","Nova_TM_CT0",0.842957697568787,0.156205207186145,0.452981013779244,1.11022302462516e-16
"733","nqp",0.738877223062079,0.0777982431032885,0.127326544198194,4.49973391880576e-13
"734","nutz",0.783709918911456,0.186789760973667,0.0747346444936982,4.89608353859694e-14
"736","nuxeo-core",0.787139011107609,0.0835064567016789,0.148173815295278,1.29396493520062e-12
"738","odamex",0.701508054351553,0.206664659558487,0.0949788641333143,4.67814675886302e-12
"739","ode",0.72337879861252,0.151942600594374,0.126577322253486,1.44154688186404e-11
"741","ogre",0.755280427082592,0.140260064818187,0.116860940777242,0
"743","ojs",0.775793600927475,0.155140967885749,0.0751393959850938,5.15082088092811e-10
"744","okapi",0.765081605973798,0.1636511495012,0.168775023057814,0
"746","olibc",0.916192370756321,0.081984341393827,0.139691777474004,0
"748","olsrd",0.823262066160057,0.136871370626841,0.229033648308288,0
"750","omar",0.774266681038102,0.0552387699412728,0.110331979994677,1.56755919356044e-09
"751","OmegaT",0.80713507013591,0.094966035073775,0.137235782131129,4.87910822855042e-11
"752","onebusaway-nyc",0.814594706796906,0.154039257461287,0.289729811445544,0
"754","opal",0.774184610304782,0.17589019992433,0.31969953417253,0
"755","openafs-netbsd5",0.763893845888119,0.176910448970036,0.196522239020889,0
"756","openbabel",0.773408939453633,0.130724201095672,0.542553151283681,0
"757","OpenBabel-BFGS",0.784575694485399,0.120897313548368,0.582685904428444,0
"760","openbox_sdk",0.903718248430554,0.040266856032328,0.262516357281605,0
"763","opencv",0.70792858720979,0.195303797397641,0.0822558727170059,0
"765","OpenDSA",0.770794015916645,0.121977567650319,0.303311509707575,0
"766","opendylan",0.792840950506437,0.0343525735941243,0.337891997954783,3.03377323263021e-11
"767","openfire",0.757403715889914,0.104146241246668,0.152644997487856,0
"768","openflexo",NA,NA,NA,NA
"772","openjpa",0.773459522126079,0.0860450513009438,0.131957576071618,3.26960680752109e-13
"774","openmalaria",0.767339436810453,0.162941038030914,0.0875751933159607,0.00135611196417051
"777","openmrs-core",0.763610996630794,0.140245912034021,0.023898948457916,0.00131270901606828
"778","openmrs-module-webservices",0.771256312793682,0.11636746051247,0.110114907349978,0.000420910539680408
"779","opennaas",0.80385507291561,0.055874323889182,0.113092027717478,3.66267893792127e-09
"781","opennebula-torino",0.725183881076809,0.147646137219627,0.20226818312363,0
"782","OpenPilot",0.800720602618724,0.116595634179554,0.552117885857702,0
"783","openpilot",0.796498995261711,0.125682490118351,0.63532263132114,0
"784","openrdf-sesame",0.785197702360541,0.130988798049379,0.274577768548288,0
"785","OpenSAN",0.745943893500201,0.0692183459889823,0.311763299161643,9.07584007947548e-11
"786","OpenSees",0.704039939473271,0.149082683393561,0.0258643514645113,0.00303839692808172
"789","OpenSpaces",NA,NA,NA,NA
"790","opentaps",0.748696032224408,0.0835794452478109,0.0782763593151753,2.67556972692873e-05
"791","Open-Transactions",0.880281594395773,0.124646381536319,0.202114732380783,4.13469258830901e-12
"792","OpenTripPlanner",0.744237024753221,0.158995532627146,0.218378560391921,0
"794","opentripplanner-svn",0.775154334055045,0.160077008275902,0.407425958176446,1.43550726861008e-11
"795","openvrml",0.782618902473643,0.121456409019055,0.0964592895532615,1.87843873789006e-08
"796","OPenWonderland-Protocol",0.829046039758112,0.154428077067046,0.0967654345475848,1.11022302462516e-16
"797","openwrt-luci",0.854023136287599,0.0420965439477669,0.422131046227551,0
"798","optaplanner",0.72852598177071,0.138208613634151,0.137224304710725,9.99200722162641e-16
"799","optiq",0.851262563072809,0.156742935519533,0.139939535554773,1.63490319171622e-07
"800","orangeleap-tangerine",0.850044230066778,0.0857175702640022,0.00593695217812004,0.0578507361045816
"801","ORCID-Source",NA,NA,NA,NA
"802","org",0.756646007597902,0.0283800022337367,0.264306062461574,0
"803","original",0.788714756078149,0.144811428470416,0.133496687373457,6.33308777230335e-05
"804","origin-server",NA,NA,NA,NA
"807","osv",0.781630279719742,0.055952964182754,0.143961887426597,1.22124532708767e-15
"809","otp-winpipes",0.840742355781564,0.0205230691505116,0.158689196339247,5.17214271411603e-10
"810","overthere",0.876672519369466,0.125990025115843,0.18650490077406,4.80098183430755e-09
"811","overture",0.701757463294552,0.162231499750658,0.244526151886526,0
"814","owfs-cvsimport",0.762779338603892,0.191676620255442,0.197401019129914,0
"816","packages_apps_Browser",0.941780128281758,0.0747121463608758,0.272131056895583,0
"818","packages_apps_Camera",0.919039229270354,0.0902945386314812,0.463763593636282,0
"823","packages_apps_Dialer",NA,NA,NA,NA
"824","packages_apps_Email",0.945061469361226,0.0793186750865025,0.314316155498139,0
"825","packages_apps_Exchange",NA,NA,NA,NA
"826","packages_apps_Gallery2",NA,NA,NA,NA
"830","packages_apps_Mms",0.945298714681838,0.0603420603193028,0.286147486177159,0
"837","packages_apps_SlimLauncher",0.961232489389569,0.0473039209819485,0.242733433922527,0
"842","pangool",0.856133930441144,0.129011826635767,0.152792025457861,1.51598954523102e-06
"844","parcupine",0.733229766602228,0.17227678012609,0.244343390824816,8.04798182596489e-06
"845","pathvisio",0.806602299580887,0.170027889606083,0.000354691604316004,0.646097489939877
"846","patientview",0.808837087599937,0.110311412710802,0.100798228092975,9.47686373820034e-13
"847","pcDuino-openFrameworks",0.782830899478136,0.121246767711454,0.397196945079926,0
"848","PCLMirror",0.791422555560968,0.158965112500741,0.476125835065429,0
"849","pcl-svn",0.793788254594524,0.15816361355678,0.485115759270272,0
"850","pcp",0.859853769012665,0.0814356382854995,0.309909723368595,0
"851","pcsc-lite-clone",0.832387087929855,0.0548379743653148,0.124784807336807,7.79004083462098e-10
"852","pdb",0.777547276889037,0.176973908465477,0.0963572074785352,6.4817215377877e-05
"856","pegasus",NA,NA,NA,NA
"858","pfff",0.747287496271537,0.0244744739760109,0.0976680154175524,2.4452352075377e-05
"861","PHProjekt",0.773782738750297,0.185985844135102,0.11321884024244,0
"862","PinDroid",0.862625816205686,0.15105326092023,0.142791236165961,1.075327683564e-07
"864","platform_bionic",NA,NA,NA,NA
"871","platform_libcore",NA,NA,NA,NA
"880","platform_packages_apps_camera",0.965656147269824,0.055874076681897,0.258974442327421,0
"897","play1",0.800996966827589,0.16070180546126,0.106557339276835,1.11022302462516e-16
"899","player-git-svn",0.768712058614516,0.181402758870296,0.0914925419643489,2.58681964737661e-14
"900","playframework",0.860216292477421,0.0385276470492174,0.107294302947367,7.87037102156773e-13
"901","plovr",0.749896854502474,0.168365751880609,0.149631658485507,0
"902","pmd",0.768053219587249,0.161118833575233,0.183437485106254,0
"904","podd-redesign",0.718178960152016,0.184219694850476,0.150145527991233,2.82274204010946e-12
"905","poi",0.780898258763144,0.191224991334671,0.19975828368122,0
"906","portal",0.726113746185549,0.127228774631632,0.180418039206902,1.93622895494627e-13
"907","Possom",0.818354746611384,0.100856892526921,0.032083878339403,2.3885791936018e-05
"908","PostGIS",0.785570056276548,0.115927789846358,0.123559061061389,0
"910","poulpe",0.777043724044216,0.141599066397956,0.174545523307965,0
"912","PreciousStones",0.801181689173061,0.160939227870268,0.0265699563210846,0.0375783116882217
"913","PrecisExciteTCP",0.705317329711991,0.158972938527652,0.133482011790464,3.60933505305638e-13
"917","primefaces",0.757046019078475,0.190032218622068,0.0780415125380465,3.30846461338297e-14
"918","primefaces-dcs",0.76590266799534,0.187058438487015,0.105653034957523,0
"921","processing",0.749632437295381,0.181370314504377,0.294844471072219,0
"922","processing-js",0.797641097970356,0.134651281347753,0.0674253247020447,8.40157077242054e-09
"923","processmaker",0.828224635374769,0.144155784134593,0.115663676947314,0
"924","proview",0.751021904659835,0.0878845771254885,0.170584776012455,5.6621374255883e-15
"925","psc",0.849856169437305,0.146349374255483,0.259882370732072,0
"926","psc-mirror",0.849385005310083,0.147286877755785,0.273462648863147,0
"927","pse-broadcast-encryption",0.884946932930932,0.110266420187957,0.229136768291339,1.36828972596703e-08
"928","psi-toolkit",0.794876481550013,0.146078765653633,0.197108723797032,0
"929","ptii",0.718100941279357,0.11473013416888,0.198088529406936,1.46549439250521e-14
"931","publicMain",NA,NA,NA,NA
"932","pvs",0.704391948918818,0.166021320510882,0.0868477564752718,5.12266895569269e-11
"934","pykaldi",0.811049683116564,0.138247564157187,0.290822305474062,0
"936","qi4j-sdk",0.808267884122645,0.171176555643481,0.234967542182665,0
"937","QuickSearchBox_7025",0.927158582714373,0.0962403906945939,0.0919571372887997,3.14214952317204e-05
"938","quneiform",0.727091357388177,0.154842910466849,0.145559400607975,1.34440236720934e-11
"940","railo",0.808156080229561,0.0398402648583993,0.019018212148169,0.0397903639763322
"941","rapns",0.876453753640602,0.124089293824684,0.0749380864379691,0.000522535969337712
"943","red",0.826051483098077,0.110134926096903,0.160550578913253,0
"944","reddwarf",0.829731249054062,0.160213837647819,0.159310383269835,0
"947","rembrandt",0.719475369187928,0.115631665843753,0.00207364562556846,0.444095775437657
"948","ReplicatorG",0.764914801171356,0.171972011568742,0.404667769913001,0
"949","repose",0.845701385450334,0.0715453940286963,0.272579200209246,0
"952","RetroidNetplay",0.723862085781713,0.172863658567958,0.32019226627048,0
"954","reviewboard",0.816744247610165,0.157764645054494,0.19375304335476,0
"955","rhino",0.754679173712806,0.191683358623893,0.253030170298071,0
"956","rhq-plugins",0.789400646053483,0.138637636253815,0.212465913843802,0
"957","rhsm-qe",0.741002119365195,0.198851467598338,0.107509644455186,0
"958","richfaces",0.788802120927384,0.0522466879912327,0.139667190281098,2.85660384236053e-13
"961","riot",0.790825815020161,0.119363884280105,0.0878319880094668,2.97761815204467e-12
"963","RMG-Java",0.737567444958572,0.143459000590352,0.144242135407604,1.03358432923528e-11
"965","robotframework",0.744126956258239,0.101931438777082,0.232880563032788,0
"967","ROMS",0.798375695116587,0.12318859694407,0.0366432333353477,0.0178540117273721
"968","rootbeer1",0.828895361533414,0.148954487854847,0.12709589024749,3.4078430072304e-06
"969","rstudio",0.783829789164838,0.0898831500615493,0.10549990049656,0
"970","rsyslog",0.843785461962762,0.128436789666144,0.294811466300272,0
"972","rter",0.812518754715393,0.143378073548591,0.1983278103024,6.62351004820927e-07
"976","saga-cpp-legacy-projects",0.875493249262603,0.0398413784228732,0.199587682734207,0
"979","SalesforceMobileSDK-Android",0.848795092573779,0.0983303742013335,0.358857711254253,0
"980","sam",NA,NA,NA,NA
"982","sampletab_converters",0.787930130175251,0.147019027612494,0.0886958622629682,0.000172570601515099
"983","samskivert",0.679196901152014,0.121654591845539,0.122223441400995,8.44153101309253e-06
"984","samtools",0.688517190401289,0.199466019407867,0.000860009810719078,0.797168258864715
"985","sandbox",0.729432458693094,0.142339170835998,0.490203741832528,0
"986","sane-backends",0.781771508685821,0.127401690866632,0.146244066860963,0
"991","SCADS",0.890089785486813,0.0379821669022127,0.092038895156893,1.91560008949709e-05
"993","scalagwt-gwt",0.81919713112273,0.154654546785753,0.402133704177213,0
"998","scaliendb",0.808247544578895,0.167697608385602,0.1991312186249,0
"1001","scm-manager",0.806192840923442,0.136119208988488,0.226853915512659,0
"1002","screensaver",0.832838879143968,0.147278733384774,0.0899167471240622,5.85087533977457e-14
"1003","ScrollingMenuSign",0.841882176393357,0.153659533788014,0.16434919015689,7.62221677996777e-08
"1007","sdl-2",0.829596332913511,0.150316515635334,0.653534922950816,0
"1008","SDL-mirror",0.791388237510997,0.163870108527107,0.584179162789356,0
"1011","se",0.763310581161883,0.181936399702017,4.11954335911521e-07,0.995320807144468
"1013","sea-of-ql",0.770406262975847,0.104192071816788,0.199435421006123,2.28705943072782e-13
"1014","seattle",0.795360914954189,0.0958416904242202,0.270291514259011,0
"1016","SensorWebClient",0.825278486692923,0.121259641112617,0.337884979796787,0
"1017","SeriesGuide",0.767164551995729,0.103426834035016,0.393175183941316,0
"1018","serval-dna",0.752442056270922,0.202660115882896,0.197160462485072,0
"1019","servicemix3",0.787574068722477,0.129565057832825,0.0302873451296848,0.00053817536077061
"1020","sgf",0.743400040842386,0.150797516465022,0.151116330792695,0
"1022","sharenav",0.779325326058387,0.132072819321586,0.186264276125982,0
"1023","Shenzhen_BGIC_0101_2013",0.720109388615994,0.156942423229504,0.422833538068067,0
"1024","shindigorng",0.781398332136688,0.165041967350014,0.0965501690229915,2.61568544601687e-13
"1025","shinken",0.807585862175624,0.152837872124636,0.240406849099733,0
"1027","shogun_gsoc",0.762499048482048,0.197594122550324,0.350527485321477,0
"1029","showtime_zh",0.759111172881929,0.130788430789994,0.161516428493239,0
"1031","sigar",0.64421553649771,0.0816336622485866,0.366154440152575,1.20105685619265e-07
"1033","Silverpeas-Core",0.792245311294954,0.1527590155778,0.218652671024613,0
"1034","sip-servlets",0.810925395959299,0.168503706880905,0.294901533895497,0
"1036","sipXtapi-svn-mirror",0.746434165718706,0.147050705111246,0.161495620510165,0
"1038","skywriting",0.83750480397367,0.14623348210998,0.210313889434967,9.23050953449689e-08
"1039","slicer2",0.734555811525399,0.170476401849907,0.00749597710269435,0.0370135832593469
"1044","smsdroid",0.860679098758069,0.120799740713802,0.346803515417542,6.13065154198011e-13
"1045","soapui",0.770213423697416,0.143105394398439,0.262620874432301,0
"1046","soar",0.730357588657647,0.152164371888938,0.188303211086938,0
"1048","SocialSDK",0.834382053693851,0.0156377073087643,0.0697351154410319,8.80765360977698e-07
"1049","sod",0.752183734602454,0.105313558801927,0.075174876374653,3.37573125008817e-09
"1051","sonar-php",0.760795045856505,0.176584310665951,0.267436151272887,2.77888823063677e-13
"1052","sonar-plugins",0.789261301403011,0.090165498902801,0.255153004246672,0
"1054","SpagoBI-V4x",0.759000688319334,0.082214976105963,0.00627721415660926,0.217659075619004
"1056","spatial",0.805098715691392,0.143214420660934,0.227666527203066,3.72334507670047e-09
"1057","spatial-solr-sandbox",0.771192792339396,0.186513606112548,0.140549998337164,4.77734760050419e-05
"1060","Spout",0.770159108365185,0.163188962076561,0.182146979692613,0
"1061","Spoutcraft",0.769896477302327,0.178718149683604,0.0616427394934681,5.19947858101943e-08
"1063","spring",0.798426047393657,0.104017770363144,0.0706085563723305,1.62092561595273e-14
"1064","spring-batch",0.7992938442075,0.100338818704895,0.0546168918984451,6.03102218166285e-08
"1066","spring-integration",0.765805386754802,0.135936892664984,0.234491414840074,0
"1069","SpringLS",0.85506860755497,0.152930132875794,0.0983384399460861,1.80466126441514e-05
"1073","spring-security",NA,NA,NA,NA
"1074","springside4",0.773475632035023,0.128781907062956,0.0049095091307551,0.466883771335207
"1076","spyglass",0.813805625101753,0.179226588177098,0.00844717703710134,0.28260756058396
"1077","squirrel-sql",0.779120512514563,0.137810569863833,0.166914387202873,0
"1078","SSP",0.812429872634179,0.153267248562368,0.119612300498606,0
"1079","stanbol",0.826294038080929,0.0939025739900103,0.220683826130733,0
"1080","statalign",0.829091112938737,0.168850231888165,0.148563280632645,2.69859012469453e-07
"1083","strategoxt",0.832551141866371,0.0778904436608936,0.0602261074872991,1.79156800506064e-10
"1084","stratosphere",0.797730861117507,0.180850427975579,0.323967855227178,0
"1086","Stroika",0.712194111763776,0.176270194273841,0.217463786975039,0
"1087","struts1",0.771336441915141,0.134276228946813,0.10228708438227,6.66133814775094e-16
"1089","suite",0.739527054612609,0.0601812759081368,0.150304700351618,7.62723217917483e-14
"1090","sushi",0.800510711636439,0.123651658666174,0.224146559311027,3.77366110582145e-08
"1091","svnkit",0.747118615631851,0.155278651146405,0.0871335863564579,0
"1093","swingx",0.734188659816794,0.137729911371754,0.116752800581032,9.80993064558788e-13
"1095","symmetry",0.791435221723387,0.156056546617429,0.13247707716188,3.46526485284215e-07
"1096","SynapseWebClient",0.862825088919319,0.106442974731112,0.0610811027114707,0
"1097","syncany",0.857573079166201,0.13827090120245,0.272343788937413,0
"1098","system_core",0.936507579131721,0.030441667707892,0.24824263978171,0
"1100","tamarin-central",0.827184773026826,0.164503358649498,0.00201851296114204,0.57610141838288
"1101","tapestry4",0.827558104745454,0.160858264437013,0.0556283415583499,3.1664892929939e-11
"1102","tapestry-5",0.776603870279456,0.0819130159815074,0.0613407845349039,3.94996472530273e-07
"1104","Tasks",0.804554208730102,0.131411497015553,0.0483616221126677,1.4150422474879e-06
"1107","teapot",0.81257480076892,0.129774823406585,0.157647079661692,4.59831969013003e-06
"1109","teiid",0.818692316071842,0.118893428661171,0.103914263767757,0
"1112","tesb-rt-se",0.804664967137941,0.104449330069167,0.454410993339269,0
"1113","Test",0.768791765865286,0.17696835149814,0.107632038293018,0
"1115","testdroid-api",0.913944593683004,0.0891574746855551,0.143486769091094,4.84457866045673e-08
"1116","testlink-code",0.740446748981384,0.18659016503564,0.00826191125579466,0.00458450614424377
"1118","testng",0.83133404519239,0.119249922063188,0.139326981740992,1.11022302462516e-16
"1119","TheAdventure",0.695492759316489,0.19857166453516,0.0309702313798425,0.106530185422526
"1120","TheFinalDawn",0.80352215726766,0.17992374972304,0.194181073770125,1.41012014287512e-08
"1121","the_grinder",0.798195889908631,0.136795840124982,0.17202723565555,0
"1122","theqvd",0.706462491645664,0.135965972438504,0.0491078435997565,0.000135380695505227
"1124","thinkparity",0.826981397441406,0.138833194054677,0.0180407860442213,0.000443812560082635
"1125","thrax",0.765659900490379,0.184565315496366,0.166781618732994,5.92350906158945e-06
"1126","THREDDS",0.832077779114214,0.135709589342427,0.12963857207297,0
"1127","thredds",0.851449997080378,0.148835227204287,0.238236197450502,0
"1129","threetenbp",0.765442324342193,0.187768054367611,0.101160498171898,1.79906090025383e-11
"1130","thrift",0.759876350524303,0.129046765312553,0.0463841633869781,2.48452363049712e-06
"1131","TiddlyWiki5",0.797250436485748,0.102114249486706,0.320213544539217,0
"1132","tigase-server",0.742997327978333,0.191760051362696,0.177996853570823,9.99200722162641e-16
"1133","tigervnc",0.708091189673031,0.137042902357907,0.385442280201839,0
"1134","TinkersConstruct",0.821912940963188,0.134436015735313,0.121021761716341,0
"1140","tomahawk-resolvers",0.707422678021885,0.188940468534041,0.70286021452584,0
"1141","tomcat60",0.881505732064155,0.0699172901232199,0.172006579246828,0
"1144","torquebox",0.781910734811772,0.137372098145037,0.241313929406365,0
"1146","TrakEM2",0.804344412772269,0.155547506512219,0.324099697334702,0
"1147","translate",0.677730212961766,0.150502392272637,0.069024737713876,2.92268125945405e-06
"1151","twesos",0.855652367972247,0.127876455993792,0.432894007214939,1.51434420558871e-13
"1152","twin",0.906167015493274,0.069556547762445,0.49486743268569,0
"1154","tycho",0.777416523522189,0.183456931260603,0.0551900963438267,0.00394244680084377
"1155","typology",0.748751759203334,0.149983231300273,0.21282232295338,1.90728229899628e-05
"1157","uclinux",0.75075317278796,0.0240631011649637,0.13664307266311,8.83209414159758e-07
"1160","Umple",0.79479020034765,0.105127498933178,0.0365904940743785,0.000957533336748861
"1161","UniversalMediaServer",0.796395610438495,0.103813740685532,0.103701945704078,7.7715611723761e-16
"1163","UP-Class-Admin",0.756801125764165,0.200085853386373,0.067356763143502,0.0038032705760217
"1164","Urho3D",0.835241326313278,0.156704414476955,0.282390722578912,0
"1165","uwsgi",0.824839797835929,0.153041322252183,0.14945257727943,0
"1167","Vanilla",NA,NA,NA,NA
"1168","Vault",0.879445300841493,0.116888056474108,0.182656495037521,1.31209462628235e-07
"1172","visad",0.712373402491058,0.175151108899737,0.17564520407109,0
"1173","visage-compiler",0.832107837433868,0.164725164723472,0.0851100998652198,0
"1175","Vitro",0.750365341551365,0.123982914367547,0.0787407685955589,8.36504199241972e-11
"1176","VIVO",0.822427490047232,0.0421572135985223,0.141661379865796,1.31922028856479e-10
"1177","vlc-ports-android",0.747680203539088,0.0751351673078266,0.0871833495819265,1.33849626937632e-08
"1178","vooga",0.794389618485519,0.170791218780589,0.282036656013394,0
"1180","vraptor",0.793625942244512,0.148875953313016,0.36380160363806,0
"1182","vrpn_ovr",0.733165806703171,0.144916840058804,0.33112537149196,0
"1183","vwf",0.743301252324142,0.107785046851214,0.102707165515752,7.20260184827737e-10
"1185","wagic",0.817359419959234,0.147849237240483,0.136965534653306,0
"1187","WaveScript",0.807936273692885,0.0551011705111402,0.123274173678971,1.56951129870464e-09
"1189","web-conf",0.775926221531437,0.122308485648504,0.0945142767157929,2.89657187124703e-13
"1190","webgme",0.752280283961542,0.168568400425043,0.305301443936967,0
"1191","weblabdeusto",0.782241710103917,0.127359701710889,0.338569516121225,0
"1192","weblounge",0.779655896561736,0.167457162598792,0.121404913877348,0
"1193","web-platform-tests",0.837685421709156,0.0487599288234626,0.178194680992588,0
"1194","webrtc",0.742223742295575,0.206682855890157,0.131285738354028,0
"1196","webui-framework",0.784656532220718,0.153539600352095,0.104412535434294,0.000450435604848587
"1198","webwork2",0.788325509824116,0.172516573062175,0.274664435505595,0
"1199","weka",0.763072337152176,0.173799035057814,0.0932985926417634,0
"1200","wheelmap-android",0.910966850424902,0.0870335615573272,0.335387017280532,0
"1201","wicketstuff-import-backup",0.743031299508804,0.135497994527208,0.456198619062227,0
"1202","wilink",0.745634069485334,0.0971792295471974,0.265482449191419,0
"1204","WordPress-iOS",0.842315279341498,0.107842655376864,0.42583905586376,0
"1205","wordpress-ios",0.780240671469255,0.185576122632803,0.249846727922904,0
"1206","wpi-suite-tng",0.801063098144666,0.157332096952761,0.405737466024575,2.9612534646617e-11
"1207","wtcpp",0.822883950628643,0.171216624264762,0.0176445932516327,0.0933749447150884
"1209","xalan-j",0.76962727981454,0.170564741579979,0.0889161218891448,2.95319324550292e-12
"1212","xen-api",0.753365348034242,0.0816525574135212,0.132717897265847,0
"1214","xerces2-j",0.968976972088498,0.0465464202089048,0.857196517130149,0
"1215","xercesj",0.943244097497574,0.0716832719624259,0.808759307281634,0
"1218","xournalpp",0.89653559524727,0.120409027965553,0.0678811468516177,0.000135104877361347
"1219","xp-experiments",0.713998062335363,0.0380630686760624,0.0597893902778184,0.00614329552627779
"1220","xplugin",0.762888039967384,0.151473249024689,0.294288917275314,1.53532320190664e-09
"1221","XPrivacy",0.85397932349601,0.101576018302543,0.31469135650236,0
"1223","xrootd",0.815125163242175,0.120580698376699,0.201412524695219,0
"1226","xwords",0.776703275987097,0.156445389028611,0.126270723979746,0
"1228","yarn-comment",0.798833040485865,0.123132810973594,0.0668724997298019,0.000177504475353474
"1230","yobi",0.850774152905892,0.0704691261729352,0.117982126367263,0
"1233","zlomekfs",0.674668408197518,0.20083278960558,0.081611028306954,1.26978520150756e-05
"1234","ZooTypers",0.929463818136599,0.0857205158720351,0.214565778551429,5.9212990066726e-10
