"","names","rq1df","rq2df"
"1","2011-m1s2-ter",8.88412055005592,8.32161848491913
"2","4Dnest",12.7497302550421,11.9424753829374
"3","abs",1.96671370955436,1.84219035162332
"4","acceleo",0,0
"5","accesointeligente",3.32306799200565,3.11266645619113
"6","accumulo",113.18776487056,106.021230926183
"7","ace",74.2603969642078,69.5585667250874
"8","activemq",0,0
"9","activemq-cpp",61.3072135667981,57.4255199264648
"10","activiti",0,0
"11","Activiti",79.7536318081356,74.703994948587
"12","adempiere",96.1655186257961,90.0767558138575
"13","adito_reload",1.76326056718667,1.65161893593815
"14","adobe-flex-pmd",15.4624388199446,14.483427592073
"15","adventure",0.0678177141225642,0.0635238052283903
"16","agora",6.51050055576617,6.09828530192547
"17","aio-portal",40.8940816159062,38.3048545527194
"18","ajaxplorer",14.8520793928416,13.9117133450175
"19","ajaxplorer-core",16.8866108165185,15.8174275018692
"20","AKeyboard",109.864696878554,102.908564469992
"21","akvo-flow",103.625467179278,97.0643743889804
"22","Alitheia-Core",64.901552415294,60.7922816035695
"23","alkacon-oamp",0,0
"24","alvis",1.15290114008359,1.07990468888264
"25","ambari",187.109073264155,175.262178625129
"26","amcat",66.7326306966032,62.5074243447361
"27","AMPS",7.3921308393595,6.92409476989454
"28","amu_automata_2011",9.49447997715899,8.89333273197464
"29","amuse",113.18776487056,106.021230926183
"30","andors-trail",11.5290114008359,10.7990468888264
"31","android",26.4489085078001,24.7742840390722
"32","android_bionic",0.0678177141225642,0.0635238052283903
"33","android_browser",0,0
"34","android_build",10.8508342596103,10.1638088365425
"35","android_dalvik",73.6500375371048,68.9868524780319
"36","android_development",0,0
"37","android_device_samsung_crespo",4.40815141796668,4.12904733984537
"38","android_device_samsung_tuna",1.22071885420616,1.14342849411103
"39","android_device_samsung_wave",3.93342741910873,3.68438070324664
"40","android_external_apache-xml",0,0
"41","android_external_bouncycastle",0.135635428245128,0.127047610456781
"42","android_external_javasqlite",0.406906284735385,0.381142831370342
"43","android_external_skia-1",8.07030798058515,7.55933282217845
"44","android_frameworks_opt_telephony",0.135635428245128,0.127047610456781
"45","android_hardware_qcom_media-v4l2",0.406906284735385,0.381142831370342
"46","android_kernel_acer_c10",0.271270856490257,0.254095220913561
"47","android_libcore",0.271270856490257,0.254095220913561
"48","android_libcore_s4",0.0678177141225642,0.0635238052283903
"49","android_packages_apps_ADWLauncher",3.25525027788308,3.04914265096274
"50","android_packages_apps_Browser",0.813812569470771,0.762285662740684
"51","android_packages_apps_Calendar",60.696854139695,56.8538056794093
"52","android_packages_apps_Camera",0.339088570612821,0.317619026141952
"53","android_packages_apps_ChaOSLauncher",0.678177141225642,0.635238052283903
"54","android_packages_apps_CMFileManager",4.34033370384411,4.06552353461698
"55","android_packages_apps_Contacts",149.402424212009,139.942942918144
"56","android_packages_apps_COSUpdater",8.81630283593335,8.25809467969074
"57","android_packages_apps_DeskClock",50.8632855919232,47.6428539212927
"58","android_packages_apps_Dialer",12.2750062561841,11.4978087463386
"59","android_packages_apps_Email",0.0678177141225642,0.0635238052283903
"60","android_packages_apps_Exchange",0,0
"61","android_packages_apps_FactoryLauncher",0,0
"62","android_packages_apps_Gallery2",0,0
"63","android_packages_apps_killrhome",0,0
"64","android_packages_apps_Launcher2",0.813812569470771,0.762285662740684
"65","android_packages_apps_LegacyCamera",0.0678177141225642,0.0635238052283903
"66","android_packages_apps_Mms",5.62887027217283,5.2724758339564
"67","android_packages_apps_PackageInstaller",0.135635428245128,0.127047610456781
"68","android_packages_apps_Phone",39.063003334597,36.5897118115528
"69","android_packages_apps_Phone_msm",0,0
"70","android_packages_apps_settings",0,0
"71","android_packages_apps_Settings",62.9348387057396,58.9500912519462
"72","android_packages_apps_Trebuchet",98.4713209059633,92.2365651916227
"73","android_packages_inputmethods_LatinIME",0,0
"74","android_packages_providers_MediaProvider",0,0
"75","android_platform_packages_apps_Phone",0,0
"76","android_platform_system_core",0,0
"77","android_system_core",70.6660581157119,66.1918050479827
"78","android-arabic-reader",101.523118041479,95.0951364269003
"79","android-build",0,0
"80","android-development",0,0
"81","android-music-backport",0,0
"82","android-packages-apps-Trebuchet",0,0
"83","android-sdk",0,0
"84","Android-Terminal-Emulator",8.40939655119797,7.8769518483204
"85","Android-Universal-Image-Loader",8.5450319794431,8.00399945877718
"86","AndroidTD",16.8866108165185,15.8174275018692
"87","anjuta",101.048394042621,94.6504697903016
"88","anjuta-clang",1.76326056718667,1.65161893593815
"89","anki",70.4626049733443,66.0012336322975
"90","ANNIS",94.9447997715899,88.9333273197464
"91","AntiCheat",21.9051216615883,20.5181890887701
"92","aokp_dalvik",0,0
"93","AP2DX",8.61284969356566,8.06752326400557
"94","apache-hosted-cassandra",105.049639175852,98.3983742987766
"95","apache-tomcat-8",130.074375687078,121.838658428053
"96","apc_b2g_build",14.0382668233708,13.1494276822768
"97","apollo-test",1.62762513894154,1.52457132548137
"98","App-Inventor-Gallery",11.5290114008359,10.7990468888264
"99","appfuse",11.8002822573262,11.0531421097399
"100","application",34.9261227731206,32.714759692621
"101","apps_camera",0,0
"102","archiva",119.494812283958,111.928944812424
"103","archive-commons",0,0
"104","ardupilot",0,0
"105","ardupilot-mega",50.4563793071878,47.2617110899224
"106","ardupilotone",0.339088570612821,0.317619026141952
"107","ArduPlane",0,0
"108","arduplane-custom-tamu",0,0
"109","ares-project",14.0382668233708,13.1494276822768
"110","aries",34.6548519166303,32.4606644717075
"111","arquillian-core",5.83232341454053,5.46304724964157
"112","arquillian-graphene",13.0888188256549,12.2600944090793
"113","astridclone",109.864696878554,102.908564469992
"114","ATHENA",5.83232341454053,5.46304724964157
"115","atl",0,0
"116","atlas",57.1703330053217,53.550567807533
"117","atmosphere",102.133477468582,95.6668506739558
"118","audiere",8.5450319794431,8.00399945877718
"119","aura",241.702333132819,226.398841833983
"120","Auto-B-Day",11.7324645432036,10.9896183045115
"121","autopsy",156.794555051369,146.867037688038
"122","autotest",228.681332021287,214.202271230132
"123","avian",96.3011540540412,90.2038034243142
"124","awbi",0,0
"125","awe-rdt",0,0
"126","awe-splash",0,0
"127","awe-udig",0,0
"128","B17",10.5117456889975,9.8461898104005
"129","b2g-n7-system-core",0,0
"130","babble",91.825184921952,86.0112322792405
"131","bagit-java",16.0049805329252,14.9916180339001
"132","banana-rdf",0.0678177141225642,0.0635238052283903
"133","bandwidth-on-demand",84.0939655119797,78.769518483204
"134","barry",17.5647879577441,16.4526655541531
"135","basex-all",169.00174359343,158.301322629149
"136","BatooJPA",21.8373039474657,20.4546652835417
"137","beagle",83.415788370754,78.1342804309201
"138","betamax",6.10359427103078,5.71714247055513
"139","BIDMat",8.07030798058515,7.55933282217845
"140","big-data-plugin",16.8866108165185,15.8174275018692
"141","bigbluebutton",75.0063918195561,70.2573285825997
"142","bigtop",1.15290114008359,1.07990468888264
"143","bioclipse",0,0
"144","biojava",126.615672266827,118.598944361405
"145","bionic",0.47472399885795,0.444666636598732
"146","biosources-test-subtree",67.2751724095837,63.0156147865632
"147","bison",41.2331701865191,38.6224735788613
"148","bison-php",0.881630283593335,0.825809467969074
"149","bitrig-xenocara",43.1320661819509,40.4011401252562
"150","black-ninja",0,0
"151","blacktie",31.7386902093601,29.7291408468867
"152","bloatit",90.4688306395007,84.7407561746727
"153","blojsom-sourceforge",10.9864696878554,10.2908564469992
"154","blueprints-seas",15.1233502493318,14.165808565931
"155","bobo",9.35884454891386,8.76628512151786
"156","bonita-studio",0.0678177141225642,0.0635238052283903
"157","boost",15.3946211058221,14.4199037868446
"158","bpa-i",8.00249026646258,7.49580901695006
"159","bpipe",3.7977919908636,3.55733309278986
"160","breakfast",3.45870342025078,3.23971406664791
"161","brooklyn",0,0
"162","Browser_7025",0,0
"163","bsc-project",158.557815618555,148.518656623977
"164","build",0.610359427103078,0.571714247055513
"165","bvs",0.881630283593335,0.825809467969074
"166","bw-classic",31.2639662105021,29.2844742102879
"167","caadapter",19.4636839531759,18.231332100548
"168","caarray-docs",0,0
"169","cacique",15.0555325352093,14.1022847607027
"170","cadmium",12.3428239703067,11.561332551567
"171","cadpage",188.668880688974,176.723226145382
"172","caf-platform-system-core",0,0
"173","caffeine-hx",3.45870342025078,3.23971406664791
"174","caleydo",24.5500125123683,22.9956174926773
"175","Camera_7025",0,0
"176","camlistore",32.0777787799729,30.0467598730286
"177","camod",44.5562381785247,41.7351400350524
"178","camunda-bpm-platform",127.497302550421,119.424753829374
"179","candlepin",157.744003049084,147.756370961236
"180","capdemat",40.622810759416,38.0507593318058
"181","Capturador",1.42417199657385,1.3339999097962
"182","carat",29.5007056433154,27.6328552743498
"183","carrot2",30.8570599257667,28.9033313789176
"184","cartoweb3",30.7892422116442,28.8398075736892
"185","caTissue",39.8768159040678,37.3519974742935
"186","catissue-core",46.1838633174662,43.2597113605338
"187","catissue-dynamic-extensions",61.9175729939012,57.9972341735204
"188","cayenne",0,0
"189","Cb",4.95069313094719,4.63723778167249
"190","cda",19.5315016672985,18.2948559057764
"191","cdt-core",269.846684493683,252.761221003765
"192","cedet",72.836224967634,68.2245668152912
"193","cegis",12.6140948267969,11.8154277724806
"194","CERMINE",8.3415788370754,7.81342804309201
"195","cesium2",134.007803106187,125.523039131299
"196","ceylon",87.145762647495,81.6280897184816
"197","cgeo",172.324811585436,161.41398908534
"198","ChatHammer-9000",23.4649290864072,21.979236609023
"199","check_mk",54.7288952969093,51.263710819311
"200","checkstyle-plugin",7.45994855348207,6.98761857512293
"201","chico",24.1431062276329,22.614474661307
"202","chipster",70.5982404015894,66.1282812427543
"203","chisimba",142.145928800895,133.145895758706
"204","chukwa",15.1233502493318,14.165808565931
"205","Chunky",13.699178252758,12.8318086561348
"206","ci-eye",3.93342741910873,3.68438070324664
"207","cinder_base",24.278741655878,22.7415222717637
"208","citations",3.66215656261847,3.43028548233308
"209","Citizens",35.4008467719785,33.1594263292197
"210","ClassyGames",18.51423595546,17.3419988273506
"211","clever",67.3429901237063,63.0791385917916
"212","clocc",38.7239147639842,36.2720927854109
"213","closure-compiler",0,0
"214","cloud-odata-java",50.117290736575,46.9440920637804
"215","Cloudify-iTests",82.3985226589156,77.1814233524942
"216","cloudify-widget",21.633850805098,20.2640938678565
"217","cloudreader",94.7413466292222,88.7427559040613
"218","cm-umts-yangtze-system-core",0.135635428245128,0.127047610456781
"219","CM9-exchange-aosp",0,0
"220","cmu-sphinx4",78.126006669194,73.1794236231056
"221","coastal-hazards",53.5759941568258,50.1838061304284
"222","cobbler",54.2541712980514,50.8190441827123
"223","cobbler-2",0.0678177141225642,0.0635238052283903
"224","cobbler-legacy",0,0
"225","cocos2dx-js-callbacks",99.1494980471889,92.8718032439066
"226","coge",165.746493315547,155.252179978186
"227","collectd",35.1295759154883,32.9053311083062
"228","collectd-fglrx",0,0
"229","collectd-oml",0.0678177141225642,0.0635238052283903
"230","colloquy",0.813812569470771,0.762285662740684
"231","Colloquy",194.840292674127,182.503892421165
"232","com",136.856147099335,128.191038950892
"233","commons-lang",106.405993458303,99.6688504033444
"234","commons-math-optimizers",79.7536318081356,74.703994948587
"235","commons-vfs",11.3933759725908,10.6719992783696
"236","commonsense-frontend",23.5327468005298,22.0427604142514
"237","console",57.577239290057,53.9317106389034
"238","contacts",0,0
"239","context-sensitive-sr",2.44143770841231,2.28685698822205
"240","contiki",0.0678177141225642,0.0635238052283903
"241","contiki-avr-zigduino",0.203453142367693,0.190571415685171
"242","contiki-branch",0.135635428245128,0.127047610456781
"243","contiki-cc253x",0,0
"244","Contiki-IDS",135.431975102761,126.857039041095
"245","contiki-interop",0.610359427103078,0.571714247055513
"246","contiki-stm32w",0,0
"247","Contiki-u101-SICS",1.55980742481898,1.46104752025298
"248","contiki-wmi",1.35635428245128,1.27047610456781
"249","continuum",48.4218478835109,45.3559969330707
"250","corba",0,0
"251","core",195.518469815353,183.139130473449
"252","core-geonetwork",143.366647655101,134.289324252817
"253","cornerstone-framework",4.34033370384411,4.06552353461698
"254","corpmail",0.339088570612821,0.317619026141952
"255","corsix-th",97.8609614788602,91.6648509445672
"256","cos_packages_apps_Settings",0.203453142367693,0.190571415685171
"257","cosmo",108.643978024348,101.765135975881
"258","Coupe2012",5.42541712980514,5.08190441827123
"259","coweb",10.9186519737328,10.2273326417708
"260","cpu-bitminer",45.9804101750986,43.0691399448486
"261","crtmpserver",19.7349548096662,18.4854273214616
"262","crtmpserver-os_x",19.5315016672985,18.2948559057764
"263","crtools",11.8680999714487,11.1166659149683
"264","cruisecontrol",59.611770713734,55.8374247957551
"265","crunch",6.03577655690822,5.65361866532674
"266","crux-framework",39.063003334597,36.5897118115528
"267","cs-voltdb",0,0
"268","CS143-Project",15.4624388199446,14.483427592073
"269","csft209",6.78177141225642,6.35238052283903
"270","csft5",121.461525993513,113.771135164047
"271","csipsimple",79.211090095155,74.1958045067599
"272","csolve",53.5081764427032,50.1202823252
"273","csolve-bak",0,0
"274","csv2rdf4lod-automation",10.57956340312,9.90971361562889
"275","ctags",34.7226696307529,32.5241882769358
"276","culture-hub",4.06906284735385,3.81142831370342
"277","CVC4",120.918984280532,113.26294472222
"278","cyberdojo",57.3059684335668,53.6776154179898
"279","cyklotron",21.0913090921175,19.7559034260294
"280","cytoscape-impl",112.441770015212,105.322469068671
"281","cytoscape2",111.763592873986,104.687231016387
"282","dalvik",0.813812569470771,0.762285662740684
"283","dalvik_test",0,0
"284","Dalvik-VM",0,0
"285","dANN",30.1110650704185,28.2045695214053
"286","Dart",0,0
"287","dasher",53.3047233003355,49.9297109095148
"288","databus",13.699178252758,12.8318086561348
"289","datahappi",16.6153399600282,15.5633322809556
"290","dawn-ui",0,0
"291","dbflute",12.4784593985518,11.6883801620238
"292","DBS",83.5514237989992,78.2613280413769
"293","dcache",116.646468290811,109.260944992831
"294","ddb-next",24.3465593700006,22.8050460769921
"295","ddd",124.445505414905,116.566182594096
"296","debianjp-monthly-report",0,0
"297","debrief",0,0
"298","deegree3",125.191500270254,117.264944451609
"299","Deeva",9.96920397601694,9.33799936857338
"300","delving",29.568523357438,27.6963790795782
"301","Demigods",74.0569438218402,69.3679953094022
"302","Denizen",143.909189368081,134.797514694644
"303","derby",111.831410588108,104.750754821616
"304","development",13.9026313951257,13.02238007182
"305","device_samsung_tuna",0.0678177141225642,0.0635238052283903
"306","device_samsung_tuna_s4",0,0
"307","devilry-prototype1",5.08632855919232,4.76428539212927
"308","dimple",37.9101021945134,35.5098071226702
"309","directory-shared",125.530588840866,117.58256347775
"310","directory-studio",58.7301404301406,55.011615327786
"311","DistSysDesign",6.78177141225642,6.35238052283903
"312","dltk",0,0
"313","DMDirc",286.394206739589,268.261029479492
"314","dms-project",0.135635428245128,0.127047610456781
"315","dnd",17.0900639588862,16.0079989175544
"316","Docear",94.2666226303643,88.2980892674625
"317","dojox",226.511165169365,212.169509462824
"318","dojox-oldmirror",220.271935470089,206.325319381812
"319","domjudge",64.9693701294165,60.8558054087979
"320","dotCMS",96.3689717681638,90.2673272295426
"321","dotfiles",0.542541712980514,0.508190441827122
"322","dresdenocl",11.8002822573262,11.0531421097399
"323","droidbuild",0.0678177141225642,0.0635238052283903
"324","droidjunk_packages_apps_Mms",0.339088570612821,0.317619026141952
"325","droidjunk_packages_apps_Phone",0.0678177141225642,0.0635238052283903
"326","droidjunk_packages_apps_Settings",3.05179713551539,2.85857123527756
"327","drools",104.032373464014,97.4455172203507
"328","druid",96.4367894822864,90.330851034771
"329","DSpace",86.8066740768822,81.3104706923396
"330","DSpace-SVN-Deprecated",55.0679838675222,51.5813298454529
"331","DynmapCore",10.3082925466298,9.65561839471533
"332","e4",0,0
"333","eclipse",13.7669959668805,12.8953324613632
"334","eclipse-fedora-packager",0,0
"335","eclipse-platform",0,0
"336","eclipse-sse-modifications",0,0
"337","eclipse-swt-recorder",0,0
"338","eclipse-themes",0,0
"339","ecologylabFundamental",80.7030798058514,75.5933282217845
"340","eef",1.01726571183846,0.952857078425855
"341","egit",0.135635428245128,0.127047610456781
"342","EGit",0,0
"343","ehmsoft",2.30580228016718,2.15980937776527
"344","elasticsearch",395.309455620427,370.280260676287
"345","Electric-Expansion",26.5167262219226,24.8378078443006
"346","elissa",0,0
"347","emacs_conf",9.22320912066874,8.63923751106108
"348","email",0,0
"349","emf",0,0
"350","EMFText",0,0
"351","EMS",11.1899228302231,10.4814278626844
"352","emul",85.3146843661858,79.912946977315
"353","encog-java-core",62.7992032774945,58.8230436414894
"354","encuestame",91.7573672078294,85.9477084740121
"355","EnderIO",65.6475472706422,61.4910434610818
"356","enkive",16.2084336752929,15.1821894495853
"357","entando-plugins-parent",1.15290114008359,1.07990468888264
"358","errai",183.718187558027,172.085988363709
"359","escidoc-core",47.6080353140401,44.59371127033
"360","Essentials",49.4391135953493,46.3088540114965
"361","esup-opi",6.23922969927591,5.84419008101191
"362","etoile",84.3652363684699,79.0236137041176
"363","Etoile",145.943720791758,136.703228851496
"364","eventmachine-docja",7.25649541111437,6.79704715943776
"365","evervolv_system_core",0,0
"366","evolution-data-server",126.140948267969,118.154277724806
"367","experiment",92.3677266349325,86.5194227210676
"368","exponent-cms",122.004067706493,114.279325605874
"369","external_skia",0.0678177141225642,0.0635238052283903
"370","external-bouncycastle",0.813812569470771,0.762285662740684
"371","faaa_project",15.8015273905575,14.8010466182149
"372","facebook-pfff",4.61160456033437,4.31961875553054
"373","fbc",173.274259583152,162.303322358537
"374","fbreader",0,0
"375","FBReaderJLib",0.203453142367693,0.190571415685171
"376","fcrepo",17.429152529499,16.3256179436963
"377","fcrepo-before33",95.2160706280802,89.18742254066
"378","fcrepo-historical",93.1137214902807,87.2181845785799
"379","featurehouse",13.6313605386354,12.7682848509065
"380","felix",116.10392657783,108.752754551004
"381","Fellesprosjektet-2012",9.96920397601694,9.33799936857338
"382","FermaNext",25.2960073677165,23.6943793501896
"383","fitnesse",63.2739272763524,59.2677102780882
"384","fixmystreet",63.6130158469653,59.5853293042301
"385","flamingo",84.2974186543474,78.9600898988892
"386","flex-flexunit",0.135635428245128,0.127047610456781
"387","flexdock",3.66215656261847,3.43028548233308
"388","flexunit",10.5117456889975,9.8461898104005
"389","flyspeck-git-svn",3.86560970498616,3.62085689801825
"390","fop",177.818046429363,166.559417308839
"391","fossology",113.865942011785,106.656468978467
"392","fosstrak-ale",4.47596913208924,4.19257114507376
"393","FProj_Gruppe48",13.2244542539,12.3871420195361
"394","framework",63.2061095622299,59.2041864728598
"395","FrameworkBenchmarks",102.472566039195,95.9844697000978
"396","frameworks_av",62.7313855633719,58.759519836261
"397","frameworks_opt_telephony",4.27251598972155,4.00199972938859
"398","FreeEed",9.96920397601694,9.33799936857338
"399","freeplane",25.7029136524518,24.0755221815599
"400","FreeRDP",145.4689967929,136.258562214897
"401","Frege",2.30580228016718,2.15980937776527
"402","fritzing",84.6365072249602,79.2777089250311
"403","Frost",105.999087173568,99.2877075719741
"404","frostwire-desktop",105.592180888833,98.9065647406037
"405","funambol-json",0.203453142367693,0.190571415685171
"406","functional-tests",20.2096788085241,18.9300939580603
"407","fuse",89.3837472135397,83.7243752910184
"408","g3m",72.361500968776,67.7799001786925
"409","galleria",14.0382668233708,13.1494276822768
"410","GateIn",0.135635428245128,0.127047610456781
"411","gatein-portal",21.15912680624,19.8194272312578
"412","gatling",5.01851084506975,4.70076158690088
"413","GB_dalvik",0,0
"414","GB-libcore",0,0
"415","gContactSync-UI-fork",0.47472399885795,0.444666636598732
"416","Gdcm",53.1012701579678,49.7391394938296
"417","geany",148.995517927274,139.561800086774
"418","gef",0,0
"419","genomix",100.302399187273,93.9517079327893
"420","geo-platform",27.1949033631483,25.4730458965845
"421","geogebra",137.26305338407,128.572181782262
"422","geoknow",64.426828416436,60.3476149669708
"423","geonetwork",2.50925542253488,2.35038079345044
"424","geonetwork-eea",0.949447997715899,0.889333273197464
"425","geoscript-js",1.42417199657385,1.3339999097962
"426","geoserver-old",26.5167262219226,24.8378078443006
"427","geotools",45.1665976056278,42.3068542821079
"428","gephi",109.593426022064,102.654469249079
"429","gephi_0_8_beta_updatable",0.0678177141225642,0.0635238052283903
"430","gephi-gsoc13-legendmodule",0,0
"431","gephi-linkfluence-plugin",0,0
"432","gerrit",127.090396265685,119.043610998003
"433","gettext",47.4045821716724,44.4031398546448
"434","gettext-javascript",0.203453142367693,0.190571415685171
"435","geworkbench-core",61.1715781385529,57.2984723160081
"436","gforth",29.2972525009478,27.4422838586646
"437","GiantShop-2",5.6966879862954,5.33599963918479
"438","gimp-sharp",5.15414627331488,4.82780919735766
"439","giraph",13.1566365397775,12.3236182143077
"440","gitblit",12.9531833974098,12.1330467986225
"441","glite-lb",0,0
"442","glob3_csiro",3.93342741910873,3.68438070324664
"443","glusterfs",60.4934009973273,56.6632342637242
"444","glusterfs-objcount",0,0
"445","gnorasi",15.3268033916995,14.3563799816162
"446","google-closure-compiler",52.0840044461293,48.7862824154038
"447","google-libphonenumber-mirror",3.52652113437334,3.3032378718763
"448","gradecraft-development",98.0644146212279,91.8554223602524
"449","grails",81.9916163741802,76.8002805211239
"450","grailsnolib",100.438034615518,94.0787555432461
"451","Grapheme",9.15539140654617,8.57571370583269
"452","graphx",12.7497302550421,11.9424753829374
"453","GridSphere",75.5489335325366,70.7655190244268
"454","gridworks",14.9877148210867,14.0387609554743
"455","grizzly-mirror",86.2641323639017,80.8022802505125
"456","groovy",113.662488869418,106.465897562782
"457","GROUP10-baf_sintef_arduino",5.42541712980514,5.08190441827123
"458","Gruntvig",6.71395369813386,6.28885671761064
"459","gSDL",102.269112896827,95.7938982844126
"460","guicey",20.0062256661565,18.7395225423751
"461","gwt",220.000664613598,206.071224160898
"462","gwt-issue-8215",0,0
"463","gwt-issue8215",0,0
"464","gwt-sandbox",0,0
"465","gwtquery",17.0222462447636,15.944475112326
"466","h-store",176.326056718667,165.161893593815
"467","h2-bitmap",27.8730805043739,26.1082839488684
"468","h2-container-reuse",0.678177141225642,0.635238052283903
"469","H2-Mirror",53.1690878720904,49.802663299058
"470","h2database",0,0
"471","HackedUpReader",0.47472399885795,0.444666636598732
"472","hadoop",197.55300123903,185.044844630301
"473","hadoop-1",90.4010129253781,84.6772323694443
"474","hadoop-fork",128.175479691646,120.059991881658
"475","hadoop-trunk",1.69544285306411,1.58809513070976
"476","hale",9.49447997715899,8.89333273197464
"477","haxe",95.3517060563253,89.3144701511168
"478","hbase",2.98397942139283,2.79504743004917
"479","hbase_namespace",129.59965168822,121.393991791454
"480","hbase-thrift",0.203453142367693,0.190571415685171
"481","hbird",12.6140948267969,11.8154277724806
"482","hermes",13.0888188256549,12.2600944090793
"483","hib-core",0,0
"484","hibernate",0,0
"485","hibernate-orm",149.538059640254,140.069990528601
"486","highcharts",113.526853441173,106.338849952325
"487","highlight-elasticsearch",0,0
"488","hive",60.0864947125919,56.2820914323538
"489","hk2",43.7424256090539,40.9728543723118
"490","HoloEverywhere",16.7509753882734,15.6903798914124
"491","hornetq-old",176.868598431648,165.670084035642
"492","HornetQ-oldmigration",0,0
"493","hostap",0,0
"494","hostap-ct",43.4033370384411,40.6552353461698
"495","hotspot",0.47472399885795,0.444666636598732
"496","htmlparser",25.4994605100842,23.8849507658748
"497","hubiquitus4java",10.0370216901395,9.40152317380177
"498","hubroid",8.07030798058515,7.55933282217845
"499","hue",69.6487924038735,65.2389479695568
"500","HUSACCT",95.0126174857125,88.9968511249748
"501","hxcpp",14.6486262504739,13.7211419293323
"502","i2p",89.0446586429268,83.4067562648765
"503","ia-hadoop-tools",3.59433884849591,3.36676167710469
"504","iaf",52.0161867320068,48.7227586101754
"505","ibis-ipl",97.7931437647376,91.6013271393388
"506","icefaces",22.718934231059,21.2804747515108
"507","icemobile",27.5339919337611,25.7906649227265
"508","iceweasel-dev",0,0
"509","icpc",2.37361999428975,2.22333318299366
"510","igraph",60.7646718538176,56.9173294846377
"511","IGV",103.082925466298,96.5561839471533
"512","ikvm",60.9681249961853,57.1079009003229
"513","ikvm-fork",63.0704741339847,59.077138862403
"514","incubator",6.98522455462412,6.5429519385242
"515","infinispan",170.493733304127,159.698846344173
"516","infoglue2",104.642732891117,98.0172314674063
"517","informer",7.18867769699181,6.73352335420937
"518","Instalog",10.3082925466298,9.65561839471533
"519","intellij-plugins",145.536814507023,136.322086020126
"520","iostest",93.6562632032612,87.726375020407
"521","ironmine",41.9113473277447,39.2577116311452
"522","iSENSE-Hardware",81.9916163741802,76.8002805211239
"523","iSoul",59.5439529996114,55.7739009905267
"524","itext",31.8065079234826,29.7926646521151
"525","itinerennes-android",13.699178252758,12.8318086561348
"526","ITKApps",55.2036192957673,51.7083774559097
"527","ivory",18.7176890978277,17.5325702430357
"528","Ivory",14.9877148210867,14.0387609554743
"529","izpack",64.0877398458232,60.0299959408288
"530","izpack-full-svn-history-copy",29.0937993585801,27.2517124429794
"531","jabref",107.491076884264,100.685231286999
"532","jackrabbit-oak",79.4145432375227,74.3863759224451
"533","jacorb",238.786171425549,223.667318209162
"534","JacORB",121.1224374229,113.453516137905
"535","jain-slee",43.1320661819509,40.4011401252562
"536","james-app",0.949447997715899,0.889333273197464
"537","jas",90.4688306395007,84.7407561746727
"538","jato",15.8015273905575,14.8010466182149
"539","java-gnome",55.9496141511155,52.407139313422
"540","java3d-core",5.22196398743745,4.89133300258605
"541","javaee",0,0
"542","javapackages",19.5993193814211,18.3583797110048
"543","jaxb",52.9656347297227,49.6120918833728
"544","jaxws",77.9225535268263,72.9888522074205
"545","jbehave-web",2.8483439931477,2.66799981959239
"546","jboss-messaging",86.6032209345145,81.1198992766544
"547","jboss-vfs",16.4118868176605,15.3727608652705
"548","jbosstools-base",0.0678177141225642,0.0635238052283903
"549","jbosstools-bpel",0,0
"550","jbosstools-integration-tests",0,0
"551","jbpm-designer",86.9423095051274,81.4375183027964
"552","jCAE",46.2516810315888,43.3232351657622
"553","jclouds",50.7276501636781,47.515806310836
"554","jcr",0.203453142367693,0.190571415685171
"555","jdk",0.881630283593335,0.825809467969074
"556","jdk7u-hotspot",0,0
"557","jEdit",177.275504716383,166.051226867012
"558","jena-core",132.719266537858,124.31608683196
"559","jena-joseki",1.15290114008359,1.07990468888264
"560","jersey-1",56.4243381499735,52.8518059500207
"561","jest",7.45994855348207,6.98761857512293
"562","jetty-maven-plugin",0.203453142367693,0.190571415685171
"563","jetty-plugin-support",0.203453142367693,0.190571415685171
"564","jetty-project",97.5218729082474,91.3472319184253
"565","jetty-spdy",63.341744990475,59.3312340833166
"566","jffi",5.08632855919232,4.76428539212927
"567","JFlex",10.57956340312,9.90971361562889
"568","jgit",0.47472399885795,0.444666636598732
"569","jgralab",186.769984693542,174.944559598987
"570","jgralab-dhht",35.1295759154883,32.9053311083062
"571","jgrapht",11.2577405443457,10.5449516679128
"572","jmxtrans",18.6498713837052,17.4690464378073
"573","jnr-ffi",9.83356854777182,9.21095175811659
"574","jogl",192.195401823347,180.026464017258
"575","jOOQ",64.8337347011714,60.7287577983411
"576","jop",48.2183947411432,45.1654255173855
"577","joshua",84.9077780814504,79.5318041459447
"578","jpcsp",118.002822573262,110.531421097399
"579","jscep",12.8175479691646,12.0059991881658
"580","jsglr",6.98522455462412,6.5429519385242
"581","JsObjects",5.01851084506975,4.70076158690088
"582","jspwiki",125.734041983234,117.773134893436
"583","jumble",8.68066740768822,8.13104706923396
"584","jython",280.494065610926,262.734458424622
"585","jython-legacy",112.102681444599,105.004850042529
"586","k-9",83.2123352283863,77.9437090152349
"587","k9-mail",0.0678177141225642,0.0635238052283903
"588","kaffe",146.350627076494,137.084371682866
"589","katta",13.699178252758,12.8318086561348
"590","kde-owncloud",100.77712318613,94.396374569388
"591","killbill",97.3184197658797,91.1566605027401
"592","Kramerius",35.6042999143462,33.3499977449049
"593","kyleisom",2.71270856490257,2.54095220913561
"594","L2jFrozenInterlude",22.9223873734267,21.4710461671959
"595","larceny",0.542541712980514,0.508190441827122
"596","larceny-oldimport",31.7386902093601,29.7291408468867
"597","LatinIME",0,0
"598","Launcher2",0,0
"599","Launcher2_7025",0,0
"600","LauncherOfficiel",0,0
"601","leiningen",75.481115818414,70.7019952191984
"602","Lemo-Data-Management-Server",18.3786005272149,17.2149512168938
"603","lenskit",60.222130140837,56.4091390428106
"604","lexevs",18.3107828130923,17.1514274116654
"605","libcore",0,0
"606","Liberty",106.270358030058,99.5418027928876
"607","libguestfs",48.6931187400011,45.6100921539842
"608","libidn",20.7522205215047,19.4382843998874
"609","libming",38.5204616216165,36.0815213697257
"610","libsdl",90.4688306395007,84.7407561746727
"611","LifeGameSim",1.22071885420616,1.14342849411103
"612","liferay-docs",3.66215656261847,3.43028548233308
"613","Lightpack",5.28978170156001,4.95485680781444
"614","lila",42.792977611338,40.0835210991143
"615","linaro-dalvik",0,0
"616","linphone_linux_XIA",72.6327718252663,68.033995399606
"617","LinqOnSteroids",0.813812569470771,0.762285662740684
"618","lintian",17.5647879577441,16.4526655541531
"619","Linuxbog",0.678177141225642,0.635238052283903
"620","linuxtools-systemtap",0.47472399885795,0.444666636598732
"621","LNReader-Android",28.008715932619,26.2353315593252
"622","log4j",101.387482613234,94.9680888164435
"623","lor-jamwiki",18.6498713837052,17.4690464378073
"624","lpzrobots",38.8595501922293,36.3991403958676
"625","lsml",33.8410393471596,31.6983788089668
"626","LT-Jbilling-MsgQ-3",46.1160456033437,43.1961875553054
"627","ltfat",33.9766747754047,31.8254264194235
"628","luaj",36.2824770555719,33.9852357971888
"629","lucene_solr",41.8435296136221,39.1941878259168
"630","lucene-solr",0.271270856490257,0.254095220913561
"631","luci",18.8533245260729,17.6596178534925
"632","luci-bismark",0,0
"633","luciddb",8.07030798058515,7.55933282217845
"634","lwjgl",87.2135803616176,81.6916135237099
"635","magnificent-mileage",0,0
"636","mahout",55.8139787228704,52.2800917029652
"637","mahout-commits",68.3602558355448,64.0319956702174
"638","make-p2-buildable-with-tycho",0,0
"639","Malhar",82.2628872306704,77.0543757420375
"640","maptool",89.6550180700299,83.978470511932
"641","maqetta",0.47472399885795,0.444666636598732
"642","marc-solr-profiling",40.8262639017837,38.241330747491
"643","Markus",101.319664899111,94.9045650112151
"644","Marlin_ExtruderAutoFan",11.3255582584682,10.6084754731412
"645","marytts",139.975761948973,131.113133991398
"646","maven-android-plugin-samples",1.8988959954318,1.77866654639493
"647","maven-plugin-tools",9.22320912066874,8.63923751106108
"648","maven-release",13.3600896821452,12.5141896299929
"649","maven-repository-tools",1.55980742481898,1.46104752025298
"650","mcidasv",102.404748325072,95.9209458948694
"651","mdissphoto",7.45994855348207,6.98761857512293
"652","mDNSResponder",83.415788370754,78.1342804309201
"653","MDSplus",168.323566452204,157.666084576865
"654","mediacloud",91.4860963513392,85.6936132530985
"655","MediaInfoLib-git_svn",8.20594340883027,7.68638043263523
"656","melanee-reasoning",0,0
"657","melati",45.1665976056278,42.3068542821079
"658","menta-0",0.203453142367693,0.190571415685171
"659","mesos",124.30986998666,116.439134983639
"660","META-SHARE",37.5710136239006,35.1921880965282
"661","metadata",42.7251598972155,40.0199972938859
"662","mibew",9.76575083364925,9.14742795288821
"663","mifos-head",158.6934510468,148.645704234433
"664","MikuMikuStudio",166.289035028528,155.760370420013
"665","militaryshop",6.37486512752104,5.97123769146869
"666","MineChem",16.6831576741508,15.626856086184
"667","Minecraft-CommandsEX",12.8175479691646,12.0059991881658
"668","mingw-w64",29.4328879291929,27.5693314691214
"669","mirage_dalvik",0.339088570612821,0.317619026141952
"670","mission-control-technologies",6.30704741339847,5.9077138862403
"671","mktc-platform",38.5204616216165,36.0815213697257
"672","mlt",73.3109489664919,68.6692334518899
"673","Mms",0.203453142367693,0.190571415685171
"674","moai-dev",67.9533495508094,63.6508528388471
"675","moai-dev-mod",0.271270856490257,0.254095220913561
"676","mobicents",107.151988313652,100.367612260857
"677","mobile-android",8.88412055005592,8.32161848491913
"678","mobile-cleanup",0.203453142367693,0.190571415685171
"679","modx",43.8780610372991,41.0999019827685
"680","molgenis_apps-legacy",84.3652363684699,79.0236137041176
"681","mona",54.321989012174,50.8825679879406
"682","monodroid-samples",14.5129908222287,13.5940943188755
"683","monthly-report",1.69544285306411,1.58809513070976
"684","morphia",16.6153399600282,15.5633322809556
"685","MosesLabelFeats",44.1493318937893,41.3539972036821
"686","motech-server-pillreminder",0,0
"687","motech-server-pillreminder-0",85.6537729367986,80.230566003457
"688","mozilla",24.7534656547359,23.1861889083625
"689","mp4parser",5.6966879862954,5.33599963918479
"690","mpicbg",22.9223873734267,21.4710461671959
"691","mucommander",69.3775215473832,64.9848527486433
"692","multiwii",8.07030798058515,7.55933282217845
"693","munin",37.503195909778,35.1286642912998
"694","mupdf",109.729061450309,102.781516859536
"695","mupen64plus-ae",38.1135553368811,35.7003785383554
"696","mwlib",67.1395369813386,62.8885671761064
"697","my_OpenPilot_mods",37.5710136239006,35.1921880965282
"698","my-openssh",65.6475472706422,61.4910434610818
"699","MyActiviti",0.339088570612821,0.317619026141952
"700","mybatis-spring",7.05304226874668,6.60647574375259
"701","mydbaas-monitor",0.135635428245128,0.127047610456781
"702","myfaces",58.1197810030376,54.4399010807305
"703","mylyn",0,0
"704","myMed",69.6487924038735,65.2389479695568
"705","mywapama",1.8988959954318,1.77866654639493
"706","Nantes-1900-Maven",20.8878559497498,19.5653320103442
"707","nar-maven-plugin",12.3428239703067,11.561332551567
"708","narya",103.489831751033,96.9373267785236
"709","nativelibs4java",18.1751473848472,17.0243798012086
"710","navit-webos",131.97327168251,123.617324974448
"711","nci-term-browser",27.1270856490257,25.4095220913561
"712","NEFS",34.3835810601401,32.2065692507939
"713","neo4j-advanced",0.542541712980514,0.508190441827122
"714","neo4j-enterprise",63.1382918481073,59.1406626676314
"715","nessDB",14.0382668233708,13.1494276822768
"716","netbeans-plugin",1.62762513894154,1.52457132548137
"717","netboot",43.6067901808088,40.845806761855
"718","netcdf-mirror",14.7164439645964,13.7846657345607
"719","Neutrino",7.66340169584976,7.17818999080811
"720","newnet",9.15539140654617,8.57571370583269
"721","NewsBlur",226.714618311732,212.360080878509
"722","nexus-core",88.3664815017012,82.7715182125926
"723","nexus-peedy",0.135635428245128,0.127047610456781
"724","ngrinder",79.1432723810325,74.1322807015315
"725","Nimrod",2.78052627902513,2.604476014364
"726","nixos",15.3946211058221,14.4199037868446
"727","nmap",46.7264050304468,43.7679018023609
"728","NME",51.9483690178842,48.659234804947
"729","nokogiri",58.9335935725083,55.2021867434712
"730","NorseSquare",6.4426828416436,6.03476149669708
"731","Nova",0,0
"732","Nova_TM_CT0",18.1751473848472,17.0243798012086
"733","nqp",46.6585873163242,43.7043779971325
"734","nutz",118.884452856855,111.357230565368
"735","nuxeo",0.47472399885795,0.444666636598732
"736","nuxeo-core",26.6523616501677,24.9648554547574
"737","ocl",0.0678177141225642,0.0635238052283903
"738","odamex",122.139703134738,114.406373216331
"739","ode",56.2208850076058,52.6612345343356
"740","odftoolkit",7.5955839817272,7.11466618557971
"741","ogre",140.925209946689,132.002467264595
"742","oi-userland",2.23798456604462,2.09628557253688
"743","ojs",60.5612187114499,56.7267580689525
"744","okapi",124.513323129028,116.629706399325
"745","old_Settings",0,0
"746","olibc",68.9706152626478,64.603709917273
"747","olsr",0,0
"748","olsrd",79.211090095155,74.1958045067599
"749","oltu",1.83107828130923,1.71514274116654
"750","omar",28.5512576455995,26.7435220011523
"751","OmegaT",26.7201793642903,25.0283792599858
"752","onebusaway-nyc",76.2271106737622,71.4007570767107
"753","ooici-pres",7.12085998286925,6.66999954898098
"754","opal",297.177223285077,278.361314510806
"755","Open-Transactions",21.2269445203626,19.8829510364862
"756","openafs-netbsd5",155.980742481898,146.104752025298
"757","openbabel",60.0864947125919,56.2820914323538
"758","OpenBabel-BFGS",42.9286130395832,40.2105687095711
"759","openbox_build",0,0
"760","openbox_packages_apps_Music",1.8988959954318,1.77866654639493
"761","openbox_sdk",27.398356505516,25.6636173122697
"762","openbox_system_core",0,0
"763","opencv",244.889765696579,229.384460679717
"764","OpenCV",0,0
"765","opencv_attic",0,0
"766","OpenDSA",71.751141541673,67.2081859316369
"767","opendylan",10.7830165454877,10.1002850313141
"768","openfire",57.8485101465473,54.1858058598169
"769","openflexo",15.258985677577,14.2928561763878
"770","openHackworks",0,0
"771","openjdk7-jdk",0,0
"772","openjdk8-hotspot",0,0
"773","openjpa",35.6721176284688,33.4135215501333
"774","openlaszlo",0.610359427103078,0.571714247055513
"775","openmalaria",13.699178252758,12.8318086561348
"776","OpenML",4.40815141796668,4.12904733984537
"777","openmole",3.72997427674103,3.49380928756147
"778","openmrs-core",48.2862124552657,45.2289493226139
"779","openmrs-module-webservices",11.4611936867134,10.735523083598
"780","opennaas",23.8040176570201,22.296855635165
"781","opennaas-routing-nfv",1.69544285306411,1.58809513070976
"782","opennebula-torino",130.616917400059,122.34684886988
"783","openpilot",41.9791650418673,39.3212354363736
"784","OpenPilot",55.8139787228704,52.2800917029652
"785","openrdf-sesame",69.5809746897509,65.1754241643285
"786","OpenSAN",17.6326056718667,16.5161893593815
"787","OpenSees",68.0889849790545,63.7779004493039
"788","opensextant",6.03577655690822,5.65361866532674
"789","openshift-external-postgresql-cartridge",0,0
"790","OpenSpaces",68.0889849790545,63.7779004493039
"791","opentaps",23.4649290864072,21.979236609023
"792","OpenTripPlanner",143.909189368081,134.797514694644
"793","OpenTripPlanner-mecatran",0.203453142367693,0.190571415685171
"794","opentripplanner-svn",13.3600896821452,12.5141896299929
"795","openvrml",34.9261227731206,32.714759692621
"796","OPenWonderland-Protocol",81.7881632318125,76.6097091054387
"797","openwrt-luci",51.4736450190263,48.2145681683483
"798","optaplanner",68.4958912637899,64.1590432806742
"799","optiq",24.3465593700006,22.8050460769921
"800","orangeleap-tangerine",40.4871753311709,37.923711721349
"801","ORCID-Source",96.7758780528992,90.648470060913
"802","org",86.7388563627597,81.2469468871112
"803","origin-server",47.9471238846529,44.911330296472
"804","original",12.4784593985518,11.6883801620238
"805","orion",9.22320912066874,8.63923751106108
"806","OSMViewer",0.949447997715899,0.889333273197464
"807","osv",32.1455964940955,30.110283678257
"808","otp-mppa",0,0
"809","otp-winpipes",11.3933759725908,10.6719992783696
"810","overthere",15.5302565340672,14.5469513973014
"811","overture",174.088072152622,163.065608021278
"812","overview-server",2.23798456604462,2.09628557253688
"813","ovirt-engine",0.542541712980514,0.508190441827122
"814","owfs-cvsimport",95.8264300551833,89.7591367877155
"815","packages_apps_Bluetooth",9.76575083364925,9.14742795288821
"816","packages_apps_Browser",70.7338758298345,66.2553288532111
"817","packages_apps_Calendar",0,0
"818","packages_apps_Camera",95.2160706280802,89.18742254066
"819","packages_apps_Contacts",0.881630283593335,0.825809467969074
"820","packages_apps_DCHome",0,0
"821","packages_apps_DEMENTEDHome",0.406906284735385,0.381142831370342
"822","packages_apps_DeskClock",0,0
"823","packages_apps_Dialer",13.1566365397775,12.3236182143077
"824","packages_apps_Email",114.408483724766,107.164659420294
"825","packages_apps_Exchange",50.6598324495555,47.4522825056076
"826","packages_apps_Gallery2",58.8657758583858,55.1386629382428
"827","packages_apps_jellybam_Camera",0.0678177141225642,0.0635238052283903
"828","packages_apps_Launcher2",0,0
"829","packages_apps_LegacyCamera",0,0
"830","packages_apps_Mms",42.5895244689703,39.8929496834291
"831","packages_apps_PackageInstaller",0.0678177141225642,0.0635238052283903
"832","packages_apps_phone",2.71270856490257,2.54095220913561
"833","packages_apps_Phone",0.745994855348207,0.698761857512293
"834","packages_apps_ReVoltLauncher",4.00124513323129,3.74790450847503
"835","packages_apps_settings",0,0
"836","packages_apps_Settings",1.15290114008359,1.07990468888264
"837","packages_apps_SlimLauncher",30.9248776398893,28.966855184146
"838","packages_apps_Trebuchet",0,0
"839","packages_inputmethods_LatinIME",0,0
"840","packages_Launcher2",0,0
"841","packages_providers_MediaProvider",2.03453142367693,1.90571415685171
"842","pangool",13.2922719680226,12.4506658247645
"843","papers",5.6966879862954,5.33599963918479
"844","parcupine",12.6819125409195,11.878951577709
"845","pathvisio",85.5859552226761,80.1670421982286
"846","patientview",41.6400764712544,39.0036164102317
"847","pcDuino-openFrameworks",92.7068152055453,86.8370417472096
"848","pcl-svn",105.049639175852,98.3983742987766
"849","PCLMirror",106.677264314794,99.922945624258
"850","pcp",103.489831751033,96.9373267785236
"851","pcsc-lite-clone",19.1245953825631,17.9137130744061
"852","pd-for-android",3.52652113437334,3.3032378718763
"853","pdb",22.9902050875493,21.5345699724243
"854","pdfannot",0,0
"855","pedestal",5.6966879862954,5.33599963918479
"856","pegasus",56.3565204358509,52.7882821447924
"857","perconik",0,0
"858","pfff",11.7324645432036,10.9896183045115
"859","phantm",1.08508342596103,1.01638088365424
"860","Phone_ics",0,0
"861","PHProjekt",146.960986503597,137.656085929922
"862","PinDroid",27.0592679349031,25.3459982861277
"863","platform",5.15414627331488,4.82780919735766
"864","platform_bionic",51.4736450190263,48.2145681683483
"865","platform_build",0,0
"866","platform_dalvik",1.08508342596103,1.01638088365424
"867","platform_device_samsung_crespo",0,0
"868","platform_device_samsung_tuna",1.22071885420616,1.14342849411103
"869","platform_libcore",87.9595752169658,82.3903753812222
"870","platform_pacakges_apps_Mms",0,0
"871","platform_packages_apps_Bluetooth",0.0678177141225642,0.0635238052283903
"872","platform_packages_apps_Browser",0,0
"873","platform_packages_apps_calendar",0,0
"874","platform_packages_apps_Calendar",0,0
"875","platform_packages_apps_camera",89.7906534982751,84.1055181223888
"876","platform_packages_apps_Camera",0.135635428245128,0.127047610456781
"877","platform_packages_apps_Contacts",0,0
"878","platform_packages_apps_DeskClock",0,0
"879","platform_packages_apps_Launcher2",0.0678177141225642,0.0635238052283903
"880","platform_packages_apps_LegacyCamera",0,0
"881","platform_packages_apps_mms",0,0
"882","platform_packages_apps_Mms",0,0
"883","platform_packages_apps_packageinstaller",7.86685483821745,7.36876140649328
"884","platform_packages_apps_Phone",0.203453142367693,0.190571415685171
"885","platform_packages_apps_Settings",0,0
"886","platform_packages_apps_Trebuchet",0.135635428245128,0.127047610456781
"887","platform_packages_inputmethods_LatinIME",0,0
"888","platform_packages_providers_MediaProvider",9.01975597830104,8.44866609537591
"889","platform_system_core",0.135635428245128,0.127047610456781
"890","platform_tools_base",4.67942227445693,4.38314256075893
"891","platform-bionic",0,0
"892","platform-dalvik",0,0
"893","platform-libcore",0,0
"894","platform-packages-apps-browser",0,0
"895","platform-packages-apps-Mms",0,0
"896","platform-packages-Launcher2",0,0
"897","play1",76.7018346726202,71.8454237133094
"898","play2-war-plugin",0.271270856490257,0.254095220913561
"899","player-git-svn",107.287623741897,100.494659871313
"900","playframework",21.2269445203626,19.8829510364862
"901","plovr",345.531253454465,323.653787638649
"902","pmd",148.520793928416,139.117133450175
"903","pmd-plugin",8.13812569470771,7.62285662740684
"904","podd-redesign",64.1555575599458,60.0935197460572
"905","poi",252.078443393571,236.117984033927
"906","portal",46.4551341739565,43.5138065814474
"907","Possom",43.6067901808088,40.845806761855
"908","postgis",0,0
"909","PostGIS",86.1963146497792,80.7387564452841
"910","poulpe",46.8620404586919,43.8949494128177
"911","ppteng",7.73121940997232,7.2417137960365
"912","PreciousStones",18.988959954318,17.7866654639493
"913","PrecisExciteTCP",75.7523866749043,70.956090440112
"914","PredictionIO",6.03577655690822,5.65361866532674
"915","presents",4.27251598972155,4.00199972938859
"916","primat",5.83232341454053,5.46304724964157
"917","primefaces",137.059600241702,128.381610366577
"918","primefaces-dcs",140.111397377218,131.240181601854
"919","primself",0,0
"920","probcore",7.3921308393595,6.92409476989454
"921","processing",251.196813109978,235.292174565958
"922","processing-js",50.8632855919232,47.6428539212927
"923","processmaker",122.750062561841,114.978087463386
"924","proview",35.333029057856,33.0959025239914
"925","psc",133.804349963819,125.332467715614
"926","psc-mirror",133.600896821452,125.141896299929
"927","pse-broadcast-encryption",11.054287401978,10.3543802522276
"928","psi-toolkit",57.577239290057,53.9317106389034
"929","ptii",46.5229518880791,43.5773303866758
"930","PTP",0,0
"931","publicMain",13.9026313951257,13.02238007182
"932","pvs",103.489831751033,96.9373267785236
"933","Pydev",1.49198971069641,1.39752371502459
"934","pykaldi",58.051963288915,54.3763772755021
"935","qfs",1.42417199657385,1.3339999097962
"936","qi4j-sdk",114.544119153011,107.291707030751
"937","QuickSearchBox_7025",14.0382668233708,13.1494276822768
"938","quneiform",53.6438118709483,50.2473299356567
"939","radar-android",6.91740684050155,6.47942813329581
"940","railo",12.0715531138164,11.3072373306535
"941","rapns",13.5635428245128,12.7047610456781
"942","rasdaman",10.1048394042621,9.46504697903016
"943","re-factor",0,0
"944","red",60.2899478549596,56.472662848039
"945","reddwarf",127.836391121034,119.742372855516
"946","redmine-java-api",7.45994855348207,6.98761857512293
"947","rembrandt",38.5882793357391,36.1450451749541
"948","ReplicatorG",61.9175729939012,57.9972341735204
"949","repose",78.6685483821745,73.6876140649328
"950","requestfactory-addon",2.37361999428975,2.22333318299366
"951","restlet-framework-java",10.6473811172426,9.97323742085728
"952","RetroidNetplay",146.486262504739,137.211419293323
"953","reviewboard",158.964721903291,148.899799455347
"954","ReviewBoard",0,0
"955","rhino",89.7906534982751,84.1055181223888
"956","rhq-plugins",52.3552753026196,49.0403776363173
"957","rhsm-qe",150.75877849446,141.213419022712
"958","richfaces",25.0247365112262,23.440284129276
"959","richfaces-sandbox",2.50925542253488,2.35038079345044
"960","riena",0,0
"961","riot",50.5920147354329,47.3887587003792
"962","risk-analytics-property-casualty",1.96671370955436,1.84219035162332
"963","RMG-Java",47.472399885795,44.4666636598732
"964","robospice",7.66340169584976,7.17818999080811
"965","robotframework",62.5279324210042,58.5689484205759
"966","ROMControl",4.7472399885795,4.44666636598732
"967","ROMS",13.0888188256549,12.2600944090793
"968","rootbeer1",17.0900639588862,16.0079989175544
"969","rstudio",119.087905999223,111.547801981053
"970","rsyslog",91.350460923094,85.5665656426417
"971","rt",0,0
"972","rter",12.4106416844293,11.6248563567954
"973","Ruby-Refactoring",0,0
"974","ryyppy",7.93467255234002,7.43228521172167
"975","sablecc",4.20469827559898,3.9384759241602
"976","saga-cpp-legacy-projects",25.363825081839,23.757903155418
"977","SAL",4.7472399885795,4.44666636598732
"978","salat",0.0678177141225642,0.0635238052283903
"979","SalesforceMobileSDK-Android",36.6215656261847,34.3028548233308
"980","sam",24.0752885135103,22.5509508560786
"981","SampleRepo",0,0
"982","sampletab_converters",19.3958662390534,18.1678082953196
"983","samskivert",31.8065079234826,29.7926646521151
"984","samtools",17.3613348153764,16.2620941384679
"985","sandbox",50.1851084506975,47.0076158690088
"986","sane-backends",94.5378934868546,88.5521844883761
"987","sane-sq113",4.88287541682463,4.5737139764441
"988","sane-ss35p",0,0
"989","sankoreorg",2.30580228016718,2.15980937776527
"990","saros",0,0
"991","SCADS",13.5635428245128,12.7047610456781
"992","scala-before-git",2.91616170727026,2.73152362482078
"993","scala-ide",0.135635428245128,0.127047610456781
"994","scalagwt-gwt",34.858305058998,32.6512358873926
"995","Scalala",0.0678177141225642,0.0635238052283903
"996","scalaris",5.35759941568258,5.01838061304283
"997","scalatest",0.135635428245128,0.127047610456781
"998","scaliendb",91.8930026360746,86.0747560844689
"999","Scaling-HDFS-NameNode",3.11961484963795,2.92209504050595
"1000","scaloid",0.0678177141225642,0.0635238052283903
"1001","scm-manager",56.0852495793606,52.5341869238788
"1002","screensaver",67.3429901237063,63.0791385917916
"1003","ScrollingMenuSign",19.5993193814211,18.3583797110048
"1004","scrooge",0.678177141225642,0.635238052283903
"1005","SDL",0,0
"1006","SDL_PSL1GHT",0.542541712980514,0.508190441827122
"1007","sdl-2",145.604632221145,136.385609825354
"1008","SDL-mirror",186.227442980561,174.43636915716
"1009","sdl-wayland",0.745994855348207,0.698761857512293
"1010","SDL2",0,0
"1011","se",14.8520793928416,13.9117133450175
"1012","sea-of-ql",31.1961484963796,29.2209504050595
"1013","seal",6.91740684050155,6.47942813329581
"1014","seattle",43.6746078949314,40.9093305670834
"1015","selenium",4.67942227445693,4.38314256075893
"1016","SensorWebClient",17.0900639588862,16.0079989175544
"1017","SeriesGuide",64.0199221317006,59.9664721356005
"1018","serval-dna",115.018843151869,107.73637366735
"1019","servicemix3",39.1986387628421,36.7167594220096
"1020","sgf",85.1112312238181,79.7223755616298
"1021","shared",0.271270856490257,0.254095220913561
"1022","sharenav",77.3800118138458,72.4806617655934
"1023","Shenzhen_BGIC_0101_2013",69.9200632603637,65.4930431904704
"1024","shindigorng",72.5649541111437,67.9704715943776
"1025","shinken",163.237237893012,152.901799184735
"1026","shipgame",7.52776626760463,7.05114238035133
"1027","shogun_gsoc",228.749149735409,214.265795035361
"1028","showcase",1.15290114008359,1.07990468888264
"1029","showtime_zh",127.632937978666,119.551801439831
"1030","shrinkwrap",6.23922969927591,5.84419008101191
"1031","sigar",18.51423595546,17.3419988273506
"1032","signserver",4.40815141796668,4.12904733984537
"1033","Silverpeas-Core",94.470075772732,88.4886606831477
"1034","sip-servlets",127.429484836298,119.361230024145
"1035","sipXtapi",0.135635428245128,0.127047610456781
"1036","sipXtapi-svn-mirror",89.4515649276622,83.7878990962468
"1037","skysail-server-ext",0,0
"1038","skywriting",14.3773553939836,13.4670467084187
"1039","slicer2",112.034863730476,104.941326237301
"1040","slipstream",3.11961484963795,2.92209504050595
"1041","smali-with-plugins",9.22320912066874,8.63923751106108
"1042","SmartAppContiki",0,0
"1043","smos-box",10.5117456889975,9.8461898104005
"1044","smsdroid",11.4611936867134,10.735523083598
"1045","soapui",102.201295182704,95.7303744791842
"1046","soar",95.9620654834284,89.8861843981723
"1047","social-engineer-toolkit",7.18867769699181,6.73352335420937
"1048","SocialSDK",12.2071885420616,11.4342849411103
"1049","sod",58.1875987171601,54.5034248859589
"1050","softwaremill-common",5.6966879862954,5.33599963918479
"1051","sonar-php",29.4328879291929,27.5693314691214
"1052","sonar-plugins",31.8065079234826,29.7926646521151
"1053","sortmybox",10.1048394042621,9.46504697903016
"1054","SpagoBI-V4x",22.1763925180785,20.7722843096836
"1055","spark",0,0
"1056","spatial",14.5808085363513,13.6576181241039
"1057","spatial-solr-sandbox",17.4969702436216,16.3891417489247
"1058","Spontaneous",1.55980742481898,1.46104752025298
"1059","Sports-Elimination-TP3",7.52776626760463,7.05114238035133
"1060","Spout",110.678509448025,103.670850132733
"1061","Spoutcraft",79.3467255234002,74.3228521172167
"1062","SPREAD",7.18867769699181,6.73352335420937
"1063","spring",70.5304226874668,66.0647574375259
"1064","spring-batch",46.3873164598339,43.450282776219
"1065","spring-data-graph",7.25649541111437,6.79704715943776
"1066","spring-integration",110.81414487627,103.79789774319
"1067","spring-jdbc-bare",0,0
"1068","spring-ldap",6.98522455462412,6.5429519385242
"1069","spring-python",2.98397942139283,2.79504743004917
"1070","spring-roo",2.98397942139283,2.79504743004917
"1071","spring-roo-custom",0.271270856490257,0.254095220913561
"1072","spring-security",20.6165850932595,19.3112367894307
"1073","spring-social-linkedin",7.73121940997232,7.2417137960365
"1074","SpringLS",22.7867519451816,21.3439985567391
"1075","springside4",11.5290114008359,10.7990468888264
"1076","spyglass",22.5154810886913,21.0899033358256
"1077","squirrel-sql",93.0459037761581,87.1546607733515
"1078","SSP",87.8917575028433,82.3268515759938
"1079","stanbol",33.1628622059339,31.0631407566829
"1080","statalign",23.4649290864072,21.979236609023
"1081","status-net-mirror",0.47472399885795,0.444666636598732
"1082","stbolt",4.34033370384411,4.06552353461698
"1083","strategoxt",54.5932598686642,51.1366632088542
"1084","stratosphere",128.853656832872,120.695229933942
"1085","stratosphere-sopremo",4.20469827559898,3.9384759241602
"1086","Stroika",196.332282384823,183.90141613619
"1087","struts1",71.751141541673,67.2081859316369
"1088","studia",3.05179713551539,2.85857123527756
"1089","suite",33.9766747754047,31.8254264194235
"1090","sushi",13.4279073962677,12.5777134352213
"1091","svnkit",120.376442567552,112.754754280393
"1092","SwingLibrary",7.93467255234002,7.43228521172167
"1093","swingx",63.5451981328427,59.5218054990017
"1094","sx10",0,0
"1095","symmetry",24.4821947982457,22.9320936874489
"1096","SynapseWebClient",110.271603163289,103.289707301363
"1097","syncany",61.9853907080237,58.0607579787487
"1098","system_core",14.1739022516159,13.2764752927336
"1099","system_extras",3.52652113437334,3.3032378718763
"1100","ta-thrift",0,0
"1101","tamarin-central",18.0395119566021,16.8973321907518
"1102","tapestry-5",36.0790239132042,33.7946643815037
"1103","tapestry4",93.6562632032612,87.726375020407
"1104","tappxi",2.8483439931477,2.66799981959239
"1105","Tasks",44.8953267491375,42.0527590611944
"1106","tcf",0.542541712980514,0.508190441827122
"1107","teapot",11.5290114008359,10.7990468888264
"1108","teeda",7.86685483821745,7.36876140649328
"1109","teiid",78.9398192386648,73.9417092858463
"1110","teiid-designer",0.949447997715899,0.889333273197464
"1111","temp-jbosstools-server",0,0
"1112","tesb-rt-se",41.2331701865191,38.6224735788613
"1113","test",0.813812569470771,0.762285662740684
"1114","Test",161.745248182316,151.504275469711
"1115","testdroid-api",13.0888188256549,12.2600944090793
"1116","testlink-code",167.848842453346,157.221417940266
"1117","testlink-japanese-localization",0,0
"1118","testng",43.4711547525637,40.7187591513982
"1119","the_grinder",69.6487924038735,65.2389479695568
"1120","TheAdventure",16.4797045317831,15.4362846704988
"1121","TheFinalDawn",29.8397942139283,27.9504743004917
"1122","theqvd",45.7769570327309,42.8785685291635
"1123","thesis-ics-platform-system-core",0,0
"1124","thinkparity",71.6833238275504,67.1446621264086
"1125","thrax",17.8360588142344,16.7067607750667
"1126","thredds",226.64680059761,212.29655707328
"1127","THREDDS",85.450319794431,80.0399945877718
"1128","threepress-rdfa",5.90014112866309,5.52657105486996
"1129","threetenbp",77.1087409573556,72.2265665446798
"1130","thrift",57.5094215759345,53.868186833675
"1131","TiddlyWiki5",67.2751724095837,63.0156147865632
"1132","tigase-server",75.1420272478012,70.3843761930565
"1133","tigervnc",62.8670209916171,58.8865674467178
"1134","TinkersConstruct",68.9027975485253,64.5401861120446
"1135","tinyos-2",8.74848512181079,8.19457087446235
"1136","tinyos-main",1.76326056718667,1.65161893593815
"1137","tinyos-main-mab-github",0,0
"1138","tinyos-mote-localization",0.135635428245128,0.127047610456781
"1139","tip",1.08508342596103,1.01638088365424
"1140","tomahawk-resolvers",26.5167262219226,24.8378078443006
"1141","tomcat60",37.7066490521457,35.319235706985
"1142","tomee",0,0
"1143","topkey",0,0
"1144","torquebox",71.276417542815,66.7635192950382
"1145","TrackerApp",4.61160456033437,4.31961875553054
"1146","TrakEM2",91.9608203501971,86.1382798896973
"1147","translate",69.716610117996,65.3024717747852
"1148","Triana",4.88287541682463,4.5737139764441
"1149","trusted-mr",0,0
"1150","tuxguitar",0.47472399885795,0.444666636598732
"1151","twesos",11.8002822573262,11.0531421097399
"1152","twin",46.7942227445693,43.8314256075893
"1153","TWRP2-CM7_build",1.69544285306411,1.58809513070976
"1154","tycho",24.6178302264908,23.0591412979057
"1155","typology",11.4611936867134,10.735523083598
"1156","ua-parser",4.81505770270206,4.51019017121571
"1157","uclinux",12.7497302550421,11.9424753829374
"1158","udig-platform",1.55980742481898,1.46104752025298
"1159","UML-Modeling",0.0678177141225642,0.0635238052283903
"1160","Umple",26.8558147925354,25.1554268704426
"1161","UniversalMediaServer",61.0359427103078,57.1714247055513
"1162","untitled0815",3.11961484963795,2.92209504050595
"1163","UP-Class-Admin",21.4982153768529,20.1370462573997
"1164","Urho3D",167.035029883876,156.459132277525
"1165","uwsgi",139.63667337836,130.795514965256
"1166","Vajra",9.42666226303643,8.82980892674625
"1167","Vanilla",56.8312444347088,53.2329487813911
"1168","Vault",13.4957251103903,12.6412372404497
"1169","vbrowser",0,0
"1170","vespucci",0,0
"1171","Vietnamese-LatinIME",0.0678177141225642,0.0635238052283903
"1172","visad",115.425749436604,108.11751649872
"1173","visage-compiler",205.148585220757,192.159510815881
"1174","viskit",2.37361999428975,2.22333318299366
"1175","Vitro",67.8855318366868,63.5873290336187
"1176","VIVO",16.4797045317831,15.4362846704988
"1177","vlc-ports-android",35.8755707708365,33.6040929658185
"1178","vooga",105.320910032342,98.6524695196902
"1179","vortex",2.78052627902513,2.604476014364
"1180","vraptor",57.9841455747924,54.3128534702737
"1181","vrpn",1.96671370955436,1.84219035162332
"1182","vrpn_ovr",43.267701610196,40.528187735713
"1183","vwf",46.8620404586919,43.8949494128177
"1184","waf",2.57707313665744,2.41390459867883
"1185","wagic",94.8091643433448,88.8062797092897
"1186","wala-mirror",0,0
"1187","WaveScript",19.2602308108082,18.0407606848628
"1188","web",0,0
"1189","web-conf",56.8990621488314,53.2964725866195
"1190","web-platform-tests",43.8780610372991,41.0999019827685
"1191","webgme",128.378932834014,120.250563297343
"1192","weblabdeusto",68.7671621202801,64.4131385015878
"1193","weblounge",97.0471489093894,90.9025652818265
"1194","webrtc",415.722587571319,389.400926050033
"1195","webtools",0,0
"1196","webui-framework",12.6819125409195,11.878951577709
"1197","webvo",6.10359427103078,5.71714247055513
"1198","webwork2",150.962231636828,141.403990438397
"1199","weka",255.062422814964,238.913031463976
"1200","wheelmap-android",20.6165850932595,19.3112367894307
"1201","wicketstuff-import-backup",63.4773804187201,59.4582816937733
"1202","wilink",65.3084587000294,61.1734244349399
"1203","wms-api",5.22196398743745,4.89133300258605
"1204","wordpress-ios",92.5711797773002,86.7099941367528
"1205","WordPress-iOS",219.661576042986,205.753605134756
"1206","wpi-suite-tng",13.7669959668805,12.8953324613632
"1207","wtcpp",28.4156222173544,26.6164743906955
"1208","www",0.542541712980514,0.508190441827122
"1209","xalan-j",93.6562632032612,87.726375020407
"1210","xdocreport",0.0678177141225642,0.0635238052283903
"1211","xen-api",56.0174318652381,52.4706631186504
"1212","xena",10.0370216901395,9.40152317380177
"1213","xerces",2.03453142367693,1.90571415685171
"1214","xerces2-j",115.697020293095,108.371611719634
"1215","xercesj",127.700755692788,119.615325245059
"1216","xiao-e-dai-kuan-site-app",0.203453142367693,0.190571415685171
"1217","xlcloud",5.76450570041796,5.39952344441318
"1218","xournalpp",19.0567776684406,17.8501892691777
"1219","xp-experiments",17.3613348153764,16.2620941384679
"1220","xplugin",14.7164439645964,13.7846657345607
"1221","XPrivacy",88.4342992158238,82.835042017821
"1222","xronos",0,0
"1223","xrootd",65.4440941282745,61.3004720453967
"1224","xsemantics",0,0
"1225","xtend",0.339088570612821,0.317619026141952
"1226","xwords",168.798290451062,158.110751213463
"1227","yacy",0,0
"1228","yarn-comment",19.7349548096662,18.4854273214616
"1229","yaxim",6.30704741339847,5.9077138862403
"1230","yobi",41.1653524723965,38.5589497736329
"1231","zapsrnpr",0.0678177141225642,0.0635238052283903
"1232","zendserver-sdk-java",0,0
"1233","zlomekfs",66.461359840113,62.2533291238225
"1234","ZooTypers",11.3255582584682,10.6084754731412
